-- phpMyAdmin SQL Dump
-- version 4.9.5
-- https://www.phpmyadmin.net/
--
-- Host: localhost:3306
-- Generation Time: Nov 03, 2021 at 02:02 AM
-- Server version: 5.6.51-cll-lve
-- PHP Version: 7.3.27

SET SQL_MODE = "NO_AUTO_VALUE_ON_ZERO";
SET AUTOCOMMIT = 0;
START TRANSACTION;
SET time_zone = "+00:00";


/*!40101 SET @OLD_CHARACTER_SET_CLIENT=@@CHARACTER_SET_CLIENT */;
/*!40101 SET @OLD_CHARACTER_SET_RESULTS=@@CHARACTER_SET_RESULTS */;
/*!40101 SET @OLD_COLLATION_CONNECTION=@@COLLATION_CONNECTION */;
/*!40101 SET NAMES utf8mb4 */;

--
-- Database: `innerbloom_products_database`
--

-- --------------------------------------------------------

--
-- Table structure for table `track_locations`
--

CREATE TABLE `track_locations` (
  `id` int(13) NOT NULL,
  `venue_id` int(13) NOT NULL,
  `lat` decimal(8,6) NOT NULL,
  `lng` decimal(9,6) NOT NULL,
  `description` text NOT NULL,
  `photo` varchar(256) NOT NULL,
  `icon` varchar(256) NOT NULL,
  `date_create` datetime NOT NULL
) ENGINE=InnoDB DEFAULT CHARSET=latin1;

--
-- Dumping data for table `track_locations`
--

INSERT INTO `track_locations` (`id`, `venue_id`, `lat`, `lng`, `description`, `photo`, `icon`, `date_create`) VALUES
(1, 11, 37.744019, -122.481243, 'Excepteur veniam commodo mollit excepteur amet tempor qui officia. Consequat exercitation minim ea pariatur. Cillum nulla culpa officia in dolor incididunt.', 'https://via.placeholder.com/400/', 'https://via.placeholder.com/400/?text=ICON', '2020-10-04 06:19:20'),
(2, 29, 37.744888, -122.431759, 'Aliquip minim velit deserunt labore proident velit enim officia deserunt anim ex quis deserunt. Voluptate anim aute veniam ipsum. Voluptate amet occaecat Lorem id ullamco occaecat dolore voluptate sit magna qui occaecat incididunt quis.', 'https://via.placeholder.com/400/', 'https://via.placeholder.com/400/?text=ICON', '2020-11-07 06:27:34'),
(3, 20, 37.739762, -122.426480, 'Sit laborum fugiat nulla non commodo consectetur dolore incididunt cupidatat. Amet ut pariatur sit sunt deserunt Lorem et sunt qui consequat. Ex veniam quis non labore.', 'https://via.placeholder.com/400/', 'https://via.placeholder.com/400/?text=ICON', '2021-01-28 07:36:06'),
(4, 26, 37.778861, -122.446935, 'Ad nisi qui ipsum excepteur. Proident dolore et sit laboris sunt excepteur exercitation amet aliqua sint sint exercitation. Quis pariatur deserunt officia minim deserunt esse et deserunt enim qui tempor duis minim consectetur.', 'https://via.placeholder.com/400/', 'https://via.placeholder.com/400/?text=ICON', '2020-05-17 05:08:37'),
(5, 43, 37.706116, -122.496678, 'Irure amet dolore dolor labore labore nostrud nisi. Culpa commodo voluptate qui consectetur cillum eu aliquip nostrud consequat sit duis excepteur magna. Est minim eiusmod sit incididunt aliquip eiusmod nulla do esse ut.', 'https://via.placeholder.com/400/', 'https://via.placeholder.com/400/?text=ICON', '2021-08-31 01:54:37'),
(6, 2, 37.764544, -122.403820, 'Enim duis quis esse consequat enim mollit commodo commodo deserunt cupidatat do labore. Tempor mollit Lorem velit nisi reprehenderit duis est esse non aliquip nisi Lorem. Ad ipsum eu aliqua fugiat mollit laboris Lorem reprehenderit veniam proident id ullamco labore labore.', 'https://via.placeholder.com/400/', 'https://via.placeholder.com/400/?text=ICON', '2020-11-05 11:11:14'),
(7, 50, 37.758679, -122.472089, 'Ullamco amet dolore amet est qui tempor quis ea eu. Et duis duis ut aliquip labore non pariatur occaecat non ad elit. Anim do cillum reprehenderit do minim ut cupidatat sit in.', 'https://via.placeholder.com/400/', 'https://via.placeholder.com/400/?text=ICON', '2021-03-03 09:10:04'),
(8, 22, 37.764116, -122.502792, 'Nulla aute in duis ut sunt do fugiat elit commodo. Elit nulla tempor labore voluptate anim amet anim sint deserunt qui ut. Nisi eiusmod do amet cillum elit.', 'https://via.placeholder.com/400/', 'https://via.placeholder.com/400/?text=ICON', '2020-11-16 01:07:08'),
(9, 4, 37.716275, -122.494866, 'Velit aliqua excepteur non exercitation dolor anim mollit est tempor reprehenderit adipisicing consectetur et tempor. Consequat eu eiusmod consectetur voluptate reprehenderit dolor aliqua veniam velit pariatur. Enim reprehenderit culpa qui exercitation dolore anim.', 'https://via.placeholder.com/400/', 'https://via.placeholder.com/400/?text=ICON', '2021-10-04 06:29:48'),
(10, 45, 37.712242, -122.510364, 'Quis esse culpa deserunt ut cillum. Aliquip aliquip esse id sint. Aliqua aute sit anim voluptate.', 'https://via.placeholder.com/400/', 'https://via.placeholder.com/400/?text=ICON', '2021-01-13 12:42:03'),
(11, 2, 37.735798, -122.477060, 'Reprehenderit esse minim irure ad voluptate incididunt officia sint eiusmod ad tempor incididunt exercitation ut. Sint ad duis nulla est anim enim reprehenderit. Duis pariatur tempor id exercitation labore.', 'https://via.placeholder.com/400/', 'https://via.placeholder.com/400/?text=ICON', '2020-09-23 12:36:27'),
(12, 36, 37.793957, -122.473268, 'Aliquip qui ullamco nisi est. Eiusmod consequat dolor aliqua aute id irure proident sunt minim minim commodo occaecat nisi. Qui dolore non qui deserunt enim.', 'https://via.placeholder.com/400/', 'https://via.placeholder.com/400/?text=ICON', '2021-06-15 05:30:50'),
(13, 2, 37.794740, -122.409170, 'Officia minim tempor incididunt mollit ipsum anim ut. Ullamco fugiat fugiat cupidatat ullamco enim eiusmod ex in commodo et. Anim esse est voluptate aliquip pariatur anim aute pariatur sunt labore quis.', 'https://via.placeholder.com/400/', 'https://via.placeholder.com/400/?text=ICON', '2021-06-03 08:15:47'),
(14, 27, 37.796468, -122.373727, 'Dolor magna commodo aute voluptate magna aliqua voluptate. Qui eu duis enim ut excepteur ullamco quis Lorem incididunt veniam eu duis mollit. Ad labore ut enim eiusmod veniam non.', 'https://via.placeholder.com/400/', 'https://via.placeholder.com/400/?text=ICON', '2021-04-16 03:37:20'),
(15, 14, 37.794621, -122.375725, 'Ex nisi tempor tempor mollit veniam nisi amet. Velit qui eu nulla Lorem cupidatat reprehenderit exercitation consequat qui adipisicing minim excepteur occaecat. Nostrud aliqua sunt laboris aliqua duis ea quis reprehenderit sint tempor velit cillum ullamco et.', 'https://via.placeholder.com/400/', 'https://via.placeholder.com/400/?text=ICON', '2020-03-15 12:38:24'),
(16, 41, 37.756930, -122.408711, 'Occaecat irure et ipsum commodo quis excepteur labore occaecat reprehenderit occaecat Lorem occaecat et. Eu qui labore sunt in amet officia dolor voluptate. Est laborum fugiat dolore sit.', 'https://via.placeholder.com/400/', 'https://via.placeholder.com/400/?text=ICON', '2020-10-16 10:36:32'),
(17, 22, 37.735847, -122.379386, 'Mollit ipsum sunt nisi commodo pariatur proident dolore. Ea voluptate deserunt velit incididunt. Sit velit cupidatat quis culpa ad deserunt occaecat voluptate dolore veniam.', 'https://via.placeholder.com/400/', 'https://via.placeholder.com/400/?text=ICON', '2020-01-18 04:51:22'),
(18, 13, 37.800177, -122.402297, 'In ullamco consequat proident ut in labore. Esse labore nisi eu anim. Consectetur incididunt culpa et tempor aliquip sint.', 'https://via.placeholder.com/400/', 'https://via.placeholder.com/400/?text=ICON', '2021-05-22 09:16:17'),
(19, 11, 37.776221, -122.476220, 'Enim ea reprehenderit cupidatat exercitation ut dolore minim. Irure sunt id pariatur quis dolore Lorem labore aliqua id in labore commodo irure culpa. Ullamco esse cillum aliqua commodo aute consequat proident proident.', 'https://via.placeholder.com/400/', 'https://via.placeholder.com/400/?text=ICON', '2021-07-31 05:17:03'),
(20, 18, 37.708216, -122.422615, 'Qui fugiat pariatur eiusmod veniam tempor aute duis. Do magna occaecat fugiat voluptate tempor esse adipisicing velit anim nisi cillum in. Ipsum id laborum fugiat laboris non aliquip ullamco nisi in sint duis aliqua.', 'https://via.placeholder.com/400/', 'https://via.placeholder.com/400/?text=ICON', '2020-04-26 04:48:54'),
(21, 29, 37.797121, -122.454255, 'Cillum nulla ea ex eu consectetur tempor in anim aliqua officia. Irure sunt voluptate et consectetur Lorem magna ipsum id nostrud ut nostrud. Nulla dolor Lorem non eiusmod labore cillum eiusmod id enim eiusmod ut commodo ullamco mollit.', 'https://via.placeholder.com/400/', 'https://via.placeholder.com/400/?text=ICON', '2021-04-27 06:51:29'),
(22, 25, 37.797496, -122.486909, 'Deserunt reprehenderit ipsum eiusmod officia pariatur occaecat ad nulla aute enim. Aliquip nostrud minim duis tempor officia nisi magna sint laboris id nisi aliquip in. Laboris consectetur cupidatat esse proident ex eiusmod sunt laboris veniam cupidatat consectetur quis tempor.', 'https://via.placeholder.com/400/', 'https://via.placeholder.com/400/?text=ICON', '2021-06-27 03:00:20'),
(23, 23, 37.736378, -122.472658, 'Esse ad ad in laboris minim magna sit fugiat incididunt. In eu anim nisi minim ipsum. Sit id pariatur aute duis nisi ullamco.', 'https://via.placeholder.com/400/', 'https://via.placeholder.com/400/?text=ICON', '2021-03-19 05:42:58'),
(24, 31, 37.778797, -122.419886, 'Magna duis cillum sint commodo sunt commodo nostrud officia voluptate enim magna anim veniam. Velit reprehenderit eiusmod mollit culpa consectetur esse culpa eiusmod cillum. Quis ullamco officia reprehenderit nostrud ad amet ut commodo ad tempor nisi.', 'https://via.placeholder.com/400/', 'https://via.placeholder.com/400/?text=ICON', '2020-08-03 04:40:55'),
(25, 29, 37.770401, -122.368746, 'Anim est est consequat ad sunt nisi officia culpa elit quis. Lorem dolor ea ea veniam ea est sint pariatur eu consectetur in tempor. Eiusmod dolore id laborum ipsum deserunt reprehenderit Lorem sit ex.', 'https://via.placeholder.com/400/', 'https://via.placeholder.com/400/?text=ICON', '2020-09-12 05:46:45'),
(26, 25, 37.725357, -122.422275, 'Labore anim Lorem incididunt ullamco. Id laboris veniam voluptate qui proident magna Lorem laborum non amet consequat. Do qui commodo amet eiusmod ullamco esse laboris incididunt occaecat est amet do cupidatat.', 'https://via.placeholder.com/400/', 'https://via.placeholder.com/400/?text=ICON', '2021-01-22 09:28:46'),
(27, 43, 37.777735, -122.400930, 'Ut ipsum occaecat fugiat nisi anim deserunt do velit. Adipisicing officia tempor dolor deserunt elit laboris sunt velit aliquip. Reprehenderit fugiat aliqua officia irure aute reprehenderit exercitation laboris fugiat ipsum consequat duis.', 'https://via.placeholder.com/400/', 'https://via.placeholder.com/400/?text=ICON', '2020-11-24 12:36:25'),
(28, 20, 37.713048, -122.442950, 'Labore proident elit velit cillum ex officia mollit amet consectetur. Reprehenderit incididunt nulla eu est id enim cillum eiusmod esse dolor ut pariatur pariatur magna. Dolor id nostrud ea enim incididunt voluptate id voluptate mollit aliqua ipsum.', 'https://via.placeholder.com/400/', 'https://via.placeholder.com/400/?text=ICON', '2020-03-16 04:40:20'),
(29, 14, 37.752868, -122.378825, 'Culpa consectetur amet consequat ut do ullamco laborum. Eiusmod eu consequat qui anim irure exercitation laboris voluptate mollit adipisicing mollit dolore dolor esse. Quis aliqua cupidatat eu nisi reprehenderit ipsum dolor occaecat.', 'https://via.placeholder.com/400/', 'https://via.placeholder.com/400/?text=ICON', '2020-04-30 12:37:45'),
(30, 13, 37.724695, -122.491404, 'Eiusmod et ex enim amet esse deserunt laborum occaecat dolore pariatur ex anim pariatur enim. Sit aliquip nostrud est id dolore nisi sunt nostrud voluptate nostrud labore nisi. Elit ea amet dolore anim veniam.', 'https://via.placeholder.com/400/', 'https://via.placeholder.com/400/?text=ICON', '2021-07-12 01:41:58'),
(31, 50, 37.755067, -122.427814, 'Pariatur commodo anim veniam culpa elit anim cupidatat magna elit nulla ex deserunt. Id eiusmod aute nostrud Lorem veniam quis ullamco sunt sit nulla culpa. Mollit duis adipisicing nisi ipsum excepteur non ex proident minim nostrud.', 'https://via.placeholder.com/400/', 'https://via.placeholder.com/400/?text=ICON', '2021-01-28 11:22:30'),
(32, 30, 37.711248, -122.441253, 'Irure occaecat culpa ipsum commodo deserunt qui fugiat anim dolor est nostrud enim commodo nostrud. Aute irure mollit aliqua consequat ipsum. Ex ad laboris occaecat aliquip ad enim cupidatat fugiat aute velit.', 'https://via.placeholder.com/400/', 'https://via.placeholder.com/400/?text=ICON', '2020-07-27 02:59:23'),
(33, 20, 37.729135, -122.511189, 'Proident Lorem nulla sunt nostrud occaecat et est do. Sunt veniam fugiat Lorem cupidatat aute pariatur cupidatat sit minim excepteur ex eiusmod nostrud esse. Aute ad quis dolore sunt nulla ea amet id commodo aliquip reprehenderit.', 'https://via.placeholder.com/400/', 'https://via.placeholder.com/400/?text=ICON', '2021-08-11 12:22:45'),
(34, 34, 37.783648, -122.429243, 'Cupidatat proident consectetur deserunt non do. Nostrud labore cillum veniam labore nulla tempor reprehenderit eu et mollit aliquip cillum officia voluptate. Velit proident voluptate qui id aliqua Lorem esse officia.', 'https://via.placeholder.com/400/', 'https://via.placeholder.com/400/?text=ICON', '2020-06-24 04:27:25'),
(35, 24, 37.727143, -122.417206, 'Sint duis minim nisi ad nulla enim reprehenderit. Labore commodo est in esse dolor occaecat aliquip sunt minim officia. Deserunt ad aute mollit dolore sunt esse.', 'https://via.placeholder.com/400/', 'https://via.placeholder.com/400/?text=ICON', '2021-04-05 07:50:02'),
(36, 47, 37.754970, -122.371769, 'Aliquip elit id ullamco mollit sunt eu veniam duis laboris proident in esse dolor velit. Reprehenderit fugiat aute minim nisi ad voluptate ex ut consectetur magna sit eiusmod. Enim tempor nostrud aliquip enim ipsum.', 'https://via.placeholder.com/400/', 'https://via.placeholder.com/400/?text=ICON', '2021-02-11 04:35:46'),
(37, 45, 37.796598, -122.382616, 'Magna velit qui dolor amet consectetur dolor velit eu. Non ullamco ullamco enim commodo eu magna veniam aute labore fugiat nostrud. Ex labore nisi ea culpa sint ullamco adipisicing cupidatat magna enim consectetur.', 'https://via.placeholder.com/400/', 'https://via.placeholder.com/400/?text=ICON', '2020-04-12 08:39:34'),
(38, 13, 37.725893, -122.422047, 'Nulla id anim magna minim occaecat excepteur consequat non proident deserunt proident pariatur. Incididunt ad Lorem aute sunt. Laborum laboris anim minim ea pariatur.', 'https://via.placeholder.com/400/', 'https://via.placeholder.com/400/?text=ICON', '2020-07-26 06:07:00'),
(39, 7, 37.771825, -122.500272, 'Ad culpa esse proident Lorem veniam enim labore reprehenderit adipisicing occaecat. Eu nisi nisi ad sunt commodo. Velit fugiat esse esse elit tempor magna id exercitation occaecat dolor mollit velit sint ipsum.', 'https://via.placeholder.com/400/', 'https://via.placeholder.com/400/?text=ICON', '2020-02-28 08:16:00'),
(40, 14, 37.798023, -122.432201, 'Ullamco proident duis irure ea occaecat aliqua pariatur mollit sint quis adipisicing ad aliqua. Amet nostrud cupidatat non nostrud elit magna laboris dolor mollit. Tempor cillum ea ullamco mollit.', 'https://via.placeholder.com/400/', 'https://via.placeholder.com/400/?text=ICON', '2021-10-15 05:40:27'),
(41, 18, 37.712025, -122.502246, 'Cupidatat cillum id aliqua voluptate sunt ad pariatur qui sint consequat exercitation culpa duis voluptate. Occaecat laborum aute do sit esse et cillum ipsum. Ut veniam amet ut do minim tempor ea.', 'https://via.placeholder.com/400/', 'https://via.placeholder.com/400/?text=ICON', '2020-04-16 11:23:09'),
(42, 49, 37.779745, -122.389657, 'Officia minim elit quis enim velit ipsum dolor minim veniam. Aute consectetur est culpa duis amet reprehenderit pariatur irure ex ut. Eu commodo elit ex duis deserunt.', 'https://via.placeholder.com/400/', 'https://via.placeholder.com/400/?text=ICON', '2021-11-02 12:03:53'),
(43, 49, 37.786672, -122.394614, 'Adipisicing aliqua ullamco reprehenderit adipisicing qui nostrud quis deserunt. Reprehenderit reprehenderit quis non consequat commodo veniam laboris ad aliquip. Cillum veniam dolor ad est do minim id minim id excepteur occaecat consectetur ex.', 'https://via.placeholder.com/400/', 'https://via.placeholder.com/400/?text=ICON', '2021-04-30 06:54:34'),
(44, 2, 37.735819, -122.367323, 'Officia eiusmod ad reprehenderit ex incididunt dolor sit. Labore tempor incididunt esse non ut. Pariatur excepteur culpa velit incididunt consequat mollit.', 'https://via.placeholder.com/400/', 'https://via.placeholder.com/400/?text=ICON', '2020-10-07 07:35:19'),
(45, 15, 37.793714, -122.498798, 'Minim officia eu sunt incididunt adipisicing eu aliqua dolor irure incididunt occaecat. Lorem cupidatat reprehenderit aliqua fugiat fugiat nisi quis aliqua. Et sit occaecat deserunt elit nisi ullamco sint proident velit esse.', 'https://via.placeholder.com/400/', 'https://via.placeholder.com/400/?text=ICON', '2021-02-27 01:13:49'),
(46, 14, 37.754775, -122.462911, 'Excepteur officia reprehenderit excepteur reprehenderit ullamco deserunt ad commodo fugiat dolor consequat excepteur. Ipsum sint irure dolore ex elit cupidatat ipsum non excepteur aliqua tempor in. Sint velit veniam sint occaecat sint mollit magna non magna non reprehenderit nostrud qui incididunt.', 'https://via.placeholder.com/400/', 'https://via.placeholder.com/400/?text=ICON', '2021-05-05 06:59:09'),
(47, 35, 37.712224, -122.416542, 'Minim id ad Lorem dolor laboris enim fugiat consectetur culpa. Sunt ex culpa dolor sint nostrud cillum veniam aliqua excepteur minim ullamco. Proident labore exercitation amet duis ea officia exercitation ut aute voluptate labore dolor.', 'https://via.placeholder.com/400/', 'https://via.placeholder.com/400/?text=ICON', '2021-03-10 09:25:49'),
(48, 2, 37.714504, -122.508538, 'Nostrud nostrud velit dolor ex reprehenderit nisi culpa. Do do nostrud aliqua consequat aliqua quis pariatur exercitation incididunt laborum qui. Pariatur culpa elit cupidatat et cillum adipisicing amet ea veniam aliquip.', 'https://via.placeholder.com/400/', 'https://via.placeholder.com/400/?text=ICON', '2020-01-07 01:43:02'),
(49, 24, 37.719215, -122.369627, 'Enim magna nostrud aliquip anim laboris enim nulla labore cupidatat sunt ut exercitation ex. Aute amet quis consectetur et labore ut dolore. Aliqua fugiat do amet ex eiusmod aliquip mollit sunt elit do anim reprehenderit.', 'https://via.placeholder.com/400/', 'https://via.placeholder.com/400/?text=ICON', '2021-07-10 10:37:23'),
(50, 31, 37.753593, -122.485687, 'Nostrud minim aute irure eu est culpa sunt eiusmod eiusmod. Elit labore deserunt nulla id laborum. Enim sunt pariatur ea velit nulla aliquip in eu consequat consectetur ex.', 'https://via.placeholder.com/400/', 'https://via.placeholder.com/400/?text=ICON', '2021-08-17 07:56:44'),
(51, 36, 37.802552, -122.405350, 'Consequat excepteur enim commodo sint exercitation. Cillum commodo consequat deserunt officia. Tempor et anim do irure amet sit.', 'https://via.placeholder.com/400/', 'https://via.placeholder.com/400/?text=ICON', '2020-06-09 10:00:15'),
(52, 4, 37.713501, -122.423770, 'Velit sint laborum non veniam enim mollit. Adipisicing qui laboris deserunt eu occaecat exercitation commodo consequat tempor. Aliqua nostrud occaecat incididunt non velit duis elit ut enim commodo excepteur velit.', 'https://via.placeholder.com/400/', 'https://via.placeholder.com/400/?text=ICON', '2021-05-06 07:29:57'),
(53, 40, 37.723145, -122.494502, 'Lorem proident nisi nulla do in cillum incididunt in commodo consequat culpa. Consequat sint irure aliqua aute laboris sunt magna excepteur incididunt sit ea fugiat. Excepteur minim adipisicing adipisicing ullamco aliquip ullamco voluptate adipisicing ut proident irure aliquip.', 'https://via.placeholder.com/400/', 'https://via.placeholder.com/400/?text=ICON', '2020-04-11 03:09:06'),
(54, 42, 37.761786, -122.451625, 'Non enim tempor aute veniam do sunt sint reprehenderit tempor culpa consectetur adipisicing aliquip. Lorem ut dolor dolor sunt laboris nostrud. Excepteur ut deserunt velit excepteur ullamco excepteur voluptate consequat adipisicing sint veniam eiusmod reprehenderit labore.', 'https://via.placeholder.com/400/', 'https://via.placeholder.com/400/?text=ICON', '2021-05-04 01:29:49'),
(55, 10, 37.801243, -122.359769, 'Duis in ullamco dolor duis Lorem qui excepteur ullamco. Deserunt dolore et deserunt enim cillum ad. Voluptate nostrud do ad tempor voluptate culpa sint.', 'https://via.placeholder.com/400/', 'https://via.placeholder.com/400/?text=ICON', '2021-06-01 10:53:50'),
(56, 7, 37.718433, -122.438759, 'Consequat minim id pariatur ex. Reprehenderit dolore proident adipisicing velit incididunt eiusmod et. Sunt sint dolore nostrud deserunt esse dolor exercitation voluptate minim quis laborum nostrud duis incididunt.', 'https://via.placeholder.com/400/', 'https://via.placeholder.com/400/?text=ICON', '2021-10-16 08:00:02'),
(57, 28, 37.714957, -122.501955, 'Non elit tempor amet irure velit eiusmod officia mollit. Officia sit esse non labore. Reprehenderit non minim magna consectetur anim reprehenderit laborum consectetur enim excepteur.', 'https://via.placeholder.com/400/', 'https://via.placeholder.com/400/?text=ICON', '2020-02-09 06:26:18'),
(58, 48, 37.794489, -122.385285, 'Veniam cillum nulla duis commodo adipisicing adipisicing sit labore nostrud in. Ex veniam magna culpa sunt cillum Lorem. Duis magna ea proident eu enim laboris est.', 'https://via.placeholder.com/400/', 'https://via.placeholder.com/400/?text=ICON', '2020-03-22 06:54:34'),
(59, 7, 37.754856, -122.414083, 'Do veniam id ut est nulla. Adipisicing labore deserunt magna esse sunt eiusmod qui ex duis minim. Dolor elit sunt elit excepteur excepteur qui velit anim ad laboris qui sunt sunt.', 'https://via.placeholder.com/400/', 'https://via.placeholder.com/400/?text=ICON', '2021-06-17 03:08:04'),
(60, 1, 37.732496, -122.484559, 'Consectetur enim Lorem voluptate nisi nulla adipisicing exercitation laboris. Officia magna laboris tempor eu ullamco sint deserunt anim pariatur consequat nisi quis. Dolore esse reprehenderit eu ea magna aliquip ut esse laborum fugiat cillum cillum irure aliqua.', 'https://via.placeholder.com/400/', 'https://via.placeholder.com/400/?text=ICON', '2020-08-14 08:29:52'),
(61, 8, 37.738233, -122.503278, 'Anim sit occaecat nulla amet. Lorem duis et irure amet sunt adipisicing nulla nisi voluptate veniam reprehenderit sit. Culpa sint proident ipsum fugiat qui nulla exercitation tempor amet consequat ex occaecat.', 'https://via.placeholder.com/400/', 'https://via.placeholder.com/400/?text=ICON', '2020-09-26 07:08:24'),
(62, 40, 37.729074, -122.512601, 'Commodo mollit Lorem minim sint ut anim elit ex amet ullamco aute Lorem. Eiusmod esse officia deserunt ex incididunt. Lorem ea eu sit velit elit sit excepteur.', 'https://via.placeholder.com/400/', 'https://via.placeholder.com/400/?text=ICON', '2021-05-20 02:13:00'),
(63, 45, 37.713609, -122.420695, 'Velit quis aute sint mollit deserunt mollit consequat ea. Quis laboris ullamco consequat ut consectetur exercitation nulla. Ea veniam cupidatat minim adipisicing mollit velit in.', 'https://via.placeholder.com/400/', 'https://via.placeholder.com/400/?text=ICON', '2020-11-10 10:51:32'),
(64, 13, 37.794609, -122.509005, 'Laborum ex eu eu sunt nulla magna voluptate labore. Dolore aliquip cillum eu voluptate dolore reprehenderit tempor irure minim anim duis. Aliquip anim ullamco in nulla laborum officia minim Lorem labore aliquip.', 'https://via.placeholder.com/400/', 'https://via.placeholder.com/400/?text=ICON', '2020-06-05 01:44:38'),
(65, 16, 37.732096, -122.440188, 'Laborum esse cillum elit occaecat est laboris sunt est voluptate nulla id. Dolor nisi cupidatat ex laboris. Sit excepteur exercitation sunt deserunt labore sint ut et et magna officia.', 'https://via.placeholder.com/400/', 'https://via.placeholder.com/400/?text=ICON', '2021-06-19 12:53:56'),
(66, 20, 37.757142, -122.503858, 'Pariatur laborum proident ipsum labore ipsum voluptate ut incididunt ad et. Exercitation enim in ut irure. Est labore reprehenderit laborum labore dolore sint commodo duis.', 'https://via.placeholder.com/400/', 'https://via.placeholder.com/400/?text=ICON', '2021-06-02 02:33:16'),
(67, 46, 37.745704, -122.397842, 'Magna magna aliqua dolore reprehenderit qui commodo sit do deserunt qui consequat dolore ipsum. Duis aliqua non consectetur laboris Lorem magna adipisicing sunt non. Do reprehenderit ullamco voluptate eu.', 'https://via.placeholder.com/400/', 'https://via.placeholder.com/400/?text=ICON', '2021-01-07 08:51:01'),
(68, 50, 37.746920, -122.375269, 'Ipsum non aliquip cupidatat irure ad culpa consectetur ullamco ad commodo nisi. Ipsum in amet pariatur consequat elit anim pariatur mollit culpa excepteur Lorem culpa. Cupidatat mollit pariatur fugiat excepteur duis ad aute ut aliqua pariatur nostrud.', 'https://via.placeholder.com/400/', 'https://via.placeholder.com/400/?text=ICON', '2020-05-22 09:55:40'),
(69, 35, 37.770407, -122.468462, 'Nisi deserunt aliqua aute eu enim excepteur Lorem enim ipsum. Cillum quis consequat cillum ullamco cillum excepteur ea. Nisi mollit dolore exercitation reprehenderit commodo velit nostrud occaecat dolor aute mollit laboris dolore.', 'https://via.placeholder.com/400/', 'https://via.placeholder.com/400/?text=ICON', '2021-10-19 02:10:45'),
(70, 50, 37.706614, -122.413341, 'Ullamco incididunt fugiat amet commodo et magna minim adipisicing tempor. Proident veniam id commodo nostrud esse consequat ipsum sit. Sint amet id elit laborum ullamco ullamco quis aliquip.', 'https://via.placeholder.com/400/', 'https://via.placeholder.com/400/?text=ICON', '2020-09-18 07:56:54'),
(71, 25, 37.776285, -122.495077, 'Lorem officia eu magna veniam duis minim magna sunt sint. Velit aute duis laborum officia ullamco reprehenderit sunt proident nostrud sunt. Deserunt enim fugiat quis nulla magna excepteur officia in et.', 'https://via.placeholder.com/400/', 'https://via.placeholder.com/400/?text=ICON', '2021-07-05 10:24:50'),
(72, 42, 37.779472, -122.408878, 'Enim irure et nisi dolor sunt ea tempor officia sunt non Lorem proident. Incididunt proident proident consequat consectetur quis ea minim elit quis nostrud irure elit sint laboris. Quis sunt exercitation aute et aliqua pariatur ut anim laborum.', 'https://via.placeholder.com/400/', 'https://via.placeholder.com/400/?text=ICON', '2021-07-19 02:02:11'),
(73, 49, 37.717281, -122.456886, 'Cillum consequat ea voluptate commodo ea occaecat aliqua dolor dolor anim mollit nisi. Elit Lorem et ipsum reprehenderit ad sit exercitation. Do ad ea id id veniam aliqua amet dolore dolor commodo aliqua.', 'https://via.placeholder.com/400/', 'https://via.placeholder.com/400/?text=ICON', '2020-08-24 10:45:21'),
(74, 21, 37.790809, -122.482153, 'Exercitation culpa dolore incididunt dolor exercitation reprehenderit duis excepteur non enim nisi voluptate. Ex laboris tempor aliqua id voluptate proident mollit occaecat deserunt. Do minim dolore officia aute incididunt cillum ad in mollit sit sint id.', 'https://via.placeholder.com/400/', 'https://via.placeholder.com/400/?text=ICON', '2020-02-12 02:22:02'),
(75, 47, 37.746353, -122.373262, 'Minim excepteur culpa ea laboris voluptate Lorem. In eu non in culpa ad excepteur est cillum sint ipsum irure nisi. Non irure aute mollit culpa ea mollit laborum aute commodo aliquip deserunt.', 'https://via.placeholder.com/400/', 'https://via.placeholder.com/400/?text=ICON', '2020-01-02 06:51:16'),
(76, 43, 37.710994, -122.409384, 'Excepteur aute in mollit pariatur deserunt. Commodo deserunt ipsum ullamco cillum aute exercitation incididunt sunt nisi ea. Proident fugiat laborum ex quis id anim velit sit.', 'https://via.placeholder.com/400/', 'https://via.placeholder.com/400/?text=ICON', '2020-07-14 10:56:42'),
(77, 25, 37.793115, -122.492511, 'Elit voluptate magna quis velit nostrud labore aute amet pariatur sunt laborum nulla deserunt aliquip. Qui ex excepteur do laborum aute consectetur dolor laborum dolore. Consequat incididunt proident officia ad Lorem aliqua ut Lorem nulla sint eiusmod.', 'https://via.placeholder.com/400/', 'https://via.placeholder.com/400/?text=ICON', '2020-04-12 11:02:45'),
(78, 1, 37.769995, -122.373525, 'Sunt aute quis aliquip cillum duis ut aute laborum fugiat excepteur cillum in. Occaecat voluptate mollit Lorem dolor eiusmod incididunt pariatur dolor. Aliqua aliquip ullamco officia laboris sunt aliqua aliquip fugiat aliqua exercitation aute.', 'https://via.placeholder.com/400/', 'https://via.placeholder.com/400/?text=ICON', '2021-04-21 02:53:43'),
(79, 22, 37.799340, -122.395328, 'Sint dolor commodo laborum sit ex ullamco enim amet. Labore deserunt pariatur ut esse sit. Non adipisicing anim non proident mollit eiusmod.', 'https://via.placeholder.com/400/', 'https://via.placeholder.com/400/?text=ICON', '2021-06-01 01:59:20'),
(80, 44, 37.770867, -122.387151, 'Elit incididunt laborum est quis velit. Laborum qui sit elit labore duis nulla consequat adipisicing incididunt excepteur sint laboris culpa. Tempor eiusmod reprehenderit culpa minim adipisicing Lorem duis dolore pariatur aute irure pariatur.', 'https://via.placeholder.com/400/', 'https://via.placeholder.com/400/?text=ICON', '2021-04-15 06:22:21'),
(81, 6, 37.745234, -122.396200, 'Voluptate consectetur aliquip dolor exercitation consequat voluptate do eu veniam dolore. Id officia incididunt eu exercitation sit ea reprehenderit consectetur. Mollit ipsum anim adipisicing sunt ut nostrud ut et eu proident nostrud.', 'https://via.placeholder.com/400/', 'https://via.placeholder.com/400/?text=ICON', '2021-08-09 08:44:38'),
(82, 2, 37.758399, -122.434968, 'Elit aute dolor dolor excepteur sit non cillum ea proident ad laborum pariatur labore id. Qui est Lorem ea deserunt elit. Aliqua et nulla reprehenderit commodo.', 'https://via.placeholder.com/400/', 'https://via.placeholder.com/400/?text=ICON', '2020-02-09 06:25:43'),
(83, 11, 37.800750, -122.400909, 'Duis officia do magna cupidatat esse nulla officia non adipisicing ipsum laboris minim incididunt. Consectetur consequat id laboris fugiat cillum elit Lorem mollit reprehenderit id adipisicing ex. Id ipsum esse dolor Lorem excepteur voluptate.', 'https://via.placeholder.com/400/', 'https://via.placeholder.com/400/?text=ICON', '2021-06-03 12:16:58'),
(84, 11, 37.802196, -122.479883, 'Veniam ex aute irure Lorem pariatur in ea laborum laborum anim sunt cillum consectetur. Aute excepteur eu veniam pariatur incididunt et laborum laboris aliquip mollit veniam. Voluptate laboris fugiat duis mollit pariatur ad dolore.', 'https://via.placeholder.com/400/', 'https://via.placeholder.com/400/?text=ICON', '2021-09-13 10:33:43'),
(85, 8, 37.774601, -122.480224, 'Tempor ex anim exercitation qui. Occaecat aliqua elit velit pariatur ex non enim veniam nostrud deserunt quis laboris. Adipisicing fugiat magna elit sit Lorem irure nulla ex exercitation cillum enim ut laborum.', 'https://via.placeholder.com/400/', 'https://via.placeholder.com/400/?text=ICON', '2021-03-29 03:57:50'),
(86, 22, 37.777287, -122.370212, 'Proident eu est consectetur commodo quis minim amet. Id voluptate laboris laboris proident. Adipisicing nostrud dolor sunt ex duis tempor elit id et elit eu cillum esse cupidatat.', 'https://via.placeholder.com/400/', 'https://via.placeholder.com/400/?text=ICON', '2020-07-29 06:12:06'),
(87, 11, 37.720505, -122.488260, 'Ad ipsum ipsum amet aliquip aliqua aliquip. Magna sunt sint non elit duis voluptate culpa proident. Eu aliquip fugiat officia duis.', 'https://via.placeholder.com/400/', 'https://via.placeholder.com/400/?text=ICON', '2020-04-26 04:31:03'),
(88, 11, 37.748548, -122.391580, 'Lorem culpa ad exercitation excepteur velit et cupidatat excepteur irure do nulla nostrud mollit laboris. Eiusmod sint minim laborum aliquip nulla. Sunt ut ullamco amet tempor officia aliquip sint irure.', 'https://via.placeholder.com/400/', 'https://via.placeholder.com/400/?text=ICON', '2021-10-18 01:57:35'),
(89, 21, 37.723313, -122.387175, 'Deserunt tempor voluptate dolor enim qui mollit laboris ullamco. Veniam elit deserunt tempor culpa nisi. Tempor ex quis eu mollit duis magna qui sunt ex Lorem occaecat ipsum.', 'https://via.placeholder.com/400/', 'https://via.placeholder.com/400/?text=ICON', '2021-05-10 09:08:00'),
(90, 1, 37.771954, -122.414241, 'Tempor id officia veniam non nisi officia officia ea qui minim aute. Laborum nisi nostrud minim consectetur irure et velit ipsum. Velit eu quis tempor cillum exercitation esse.', 'https://via.placeholder.com/400/', 'https://via.placeholder.com/400/?text=ICON', '2020-07-30 12:30:19'),
(91, 27, 37.719805, -122.475490, 'Nostrud ex ex ad dolore aliquip consequat pariatur irure enim cupidatat duis ut amet deserunt. Sit ex enim aliqua cillum nisi proident nulla aliquip veniam. Nisi culpa laborum deserunt duis officia enim eu commodo eu enim.', 'https://via.placeholder.com/400/', 'https://via.placeholder.com/400/?text=ICON', '2020-08-01 01:38:07'),
(92, 40, 37.770281, -122.442208, 'Quis quis eiusmod deserunt minim sit dolor esse ad cillum quis occaecat labore. Qui excepteur ut veniam irure dolor aliquip nisi culpa. Magna labore sint ut voluptate ea aute reprehenderit sunt dolore.', 'https://via.placeholder.com/400/', 'https://via.placeholder.com/400/?text=ICON', '2020-10-21 08:22:14'),
(93, 39, 37.773558, -122.430976, 'Tempor velit commodo veniam officia aliqua. Tempor aliqua est enim et amet consequat cupidatat. Qui in excepteur quis aute.', 'https://via.placeholder.com/400/', 'https://via.placeholder.com/400/?text=ICON', '2020-03-21 02:13:38'),
(94, 25, 37.709895, -122.420480, 'Fugiat ea nulla elit nostrud consequat labore dolore incididunt. Quis ex deserunt commodo fugiat velit incididunt et aliqua amet aliquip qui fugiat consectetur quis. Mollit ad do voluptate commodo minim ea pariatur voluptate.', 'https://via.placeholder.com/400/', 'https://via.placeholder.com/400/?text=ICON', '2021-06-23 08:27:25'),
(95, 21, 37.799745, -122.458032, 'Aliquip quis qui non ea duis duis minim tempor laboris consectetur excepteur. Laboris occaecat culpa aute reprehenderit proident est nulla consequat magna amet amet. Voluptate cillum sunt aliquip ea consectetur cillum magna voluptate minim et proident sunt elit.', 'https://via.placeholder.com/400/', 'https://via.placeholder.com/400/?text=ICON', '2021-04-09 02:19:01'),
(96, 17, 37.715189, -122.507730, 'Proident anim commodo duis nostrud irure. Cillum pariatur magna eiusmod irure aliqua adipisicing. Nostrud occaecat ut amet nostrud elit excepteur exercitation officia.', 'https://via.placeholder.com/400/', 'https://via.placeholder.com/400/?text=ICON', '2021-03-04 11:57:04'),
(97, 4, 37.746867, -122.361273, 'Aliquip ipsum minim dolore ea labore nostrud culpa. Elit cillum anim officia ea est reprehenderit sit laborum duis sit. Sint incididunt laboris non labore labore.', 'https://via.placeholder.com/400/', 'https://via.placeholder.com/400/?text=ICON', '2021-08-15 08:27:46'),
(98, 11, 37.719787, -122.476605, 'Ipsum id cillum sint eu id elit incididunt eiusmod. Nisi ad Lorem duis cillum magna magna. Velit do incididunt excepteur laborum aliqua dolore excepteur mollit sit consequat veniam minim consequat.', 'https://via.placeholder.com/400/', 'https://via.placeholder.com/400/?text=ICON', '2021-03-11 09:35:46'),
(99, 13, 37.798280, -122.452424, 'Pariatur aliqua minim nisi sit dolore laborum ullamco id culpa commodo qui ad elit. Aute aliquip proident minim commodo consequat cupidatat dolore ex do commodo aute. Consectetur laboris occaecat enim non Lorem occaecat id occaecat nostrud sit culpa ut in.', 'https://via.placeholder.com/400/', 'https://via.placeholder.com/400/?text=ICON', '2020-03-14 04:02:56'),
(100, 35, 37.761458, -122.490422, 'Lorem id anim Lorem ex excepteur non veniam nisi ea ex. Non nisi dolore non qui eiusmod pariatur dolore nostrud esse. Quis anim Lorem magna reprehenderit minim proident ut voluptate occaecat veniam ad non.', 'https://via.placeholder.com/400/', 'https://via.placeholder.com/400/?text=ICON', '2020-03-31 11:52:15'),
(101, 12, 37.765775, -122.423544, 'Veniam occaecat excepteur ipsum et eiusmod et excepteur dolore. Eiusmod elit anim est reprehenderit. Veniam nisi mollit in eu reprehenderit ea Lorem dolor ad officia excepteur duis culpa.', 'https://via.placeholder.com/400/', 'https://via.placeholder.com/400/?text=ICON', '2021-02-24 10:37:15'),
(102, 41, 37.714458, -122.512653, 'Id pariatur aute sit veniam deserunt amet eu duis commodo veniam dolore fugiat. Sit proident et esse dolor labore. Enim incididunt qui qui do.', 'https://via.placeholder.com/400/', 'https://via.placeholder.com/400/?text=ICON', '2021-09-06 01:54:45'),
(103, 2, 37.706877, -122.500836, 'Aliqua dolor ipsum amet ullamco culpa magna. Magna excepteur est non ullamco sint ullamco officia minim sunt ut pariatur. Incididunt dolor sint elit sunt mollit anim.', 'https://via.placeholder.com/400/', 'https://via.placeholder.com/400/?text=ICON', '2021-02-18 03:51:08'),
(104, 45, 37.735437, -122.401741, 'Enim sint laboris ut laborum consectetur consectetur fugiat laborum. Excepteur esse magna veniam sit sint. Laboris aliqua sit quis sit qui duis nulla Lorem dolore officia commodo.', 'https://via.placeholder.com/400/', 'https://via.placeholder.com/400/?text=ICON', '2020-05-21 12:32:27'),
(105, 42, 37.776901, -122.410504, 'Culpa enim anim elit consectetur ut quis culpa excepteur tempor adipisicing amet aliquip. Aliquip irure occaecat cillum reprehenderit Lorem ex esse nulla officia commodo nostrud aliquip quis. Elit est sit elit culpa nulla ea reprehenderit sint culpa excepteur excepteur.', 'https://via.placeholder.com/400/', 'https://via.placeholder.com/400/?text=ICON', '2020-07-11 08:16:47'),
(106, 47, 37.752179, -122.434131, 'Non quis eiusmod Lorem et laborum anim sunt do officia enim et officia aute. Ullamco sunt nostrud culpa sint esse consequat enim non nulla exercitation nulla et duis ipsum. Do ex reprehenderit nulla aute irure in anim sit est sunt incididunt.', 'https://via.placeholder.com/400/', 'https://via.placeholder.com/400/?text=ICON', '2020-02-24 10:40:31'),
(107, 17, 37.733420, -122.409251, 'Nostrud aute non voluptate ad quis id. Fugiat adipisicing sit eu do velit consequat excepteur eiusmod velit eiusmod exercitation. Labore dolor aute incididunt eu qui nisi ea anim.', 'https://via.placeholder.com/400/', 'https://via.placeholder.com/400/?text=ICON', '2020-09-26 03:28:22'),
(108, 10, 37.787234, -122.468726, 'Consectetur minim sint culpa in anim et laboris irure. Ad reprehenderit nisi excepteur nulla ex pariatur pariatur in non qui aute. Anim labore ex commodo dolor mollit id sint enim aliqua elit proident mollit qui.', 'https://via.placeholder.com/400/', 'https://via.placeholder.com/400/?text=ICON', '2021-04-20 08:10:22'),
(109, 21, 37.739740, -122.385066, 'Voluptate irure eu ipsum officia aliquip sint cupidatat quis elit occaecat elit. Lorem eiusmod quis excepteur quis. Lorem adipisicing deserunt veniam magna tempor laboris dolore quis dolor minim mollit tempor quis.', 'https://via.placeholder.com/400/', 'https://via.placeholder.com/400/?text=ICON', '2020-03-13 02:01:42'),
(110, 27, 37.770630, -122.371274, 'Magna sint excepteur veniam reprehenderit elit id. Qui laboris occaecat in est enim do et irure sint ullamco. Est veniam sit fugiat dolor.', 'https://via.placeholder.com/400/', 'https://via.placeholder.com/400/?text=ICON', '2020-11-18 11:42:48'),
(111, 26, 37.756693, -122.395832, 'Magna nisi quis ea dolor excepteur commodo labore laboris. Aliquip excepteur anim labore laborum do veniam tempor. Sint sit cillum occaecat dolor labore Lorem eiusmod ea.', 'https://via.placeholder.com/400/', 'https://via.placeholder.com/400/?text=ICON', '2020-09-23 09:58:02'),
(112, 7, 37.729430, -122.419002, 'Non ipsum aliquip amet exercitation mollit ipsum id minim culpa ex do nisi. Excepteur do et velit dolor Lorem amet ullamco mollit ipsum mollit aliqua. Quis aute do mollit reprehenderit ipsum dolor voluptate ut labore aliquip do tempor est exercitation.', 'https://via.placeholder.com/400/', 'https://via.placeholder.com/400/?text=ICON', '2020-05-04 11:46:05'),
(113, 22, 37.795858, -122.413759, 'Labore proident sunt ad dolore veniam eiusmod esse Lorem velit et ad consectetur quis ipsum. Culpa ipsum ex irure labore laboris sint do commodo ut enim consectetur. Excepteur officia adipisicing occaecat ipsum tempor eu nisi quis.', 'https://via.placeholder.com/400/', 'https://via.placeholder.com/400/?text=ICON', '2021-06-30 12:07:48'),
(114, 7, 37.718897, -122.423377, 'Do adipisicing officia et do consectetur et nulla elit sit mollit excepteur. Qui dolore pariatur cillum minim culpa minim commodo culpa. Dolor consequat enim Lorem nostrud nulla sunt nostrud adipisicing.', 'https://via.placeholder.com/400/', 'https://via.placeholder.com/400/?text=ICON', '2021-10-20 01:17:46'),
(115, 31, 37.777953, -122.481883, 'Nisi aute est deserunt aliquip ullamco nulla commodo irure ea labore amet velit consequat. Anim sunt aliquip do aliquip. Tempor exercitation qui in culpa consectetur commodo.', 'https://via.placeholder.com/400/', 'https://via.placeholder.com/400/?text=ICON', '2021-08-02 11:08:51'),
(116, 33, 37.776589, -122.481823, 'Fugiat non in anim quis laborum id adipisicing. Exercitation cillum est cillum labore anim magna. Veniam tempor quis culpa eiusmod cupidatat nostrud.', 'https://via.placeholder.com/400/', 'https://via.placeholder.com/400/?text=ICON', '2020-02-12 06:49:37'),
(117, 12, 37.705909, -122.424604, 'Commodo culpa sit dolor officia nostrud sunt. Sunt minim laboris amet cupidatat consectetur ullamco est tempor excepteur eu. Velit tempor pariatur laborum magna quis ad aute magna.', 'https://via.placeholder.com/400/', 'https://via.placeholder.com/400/?text=ICON', '2021-05-01 10:00:57'),
(118, 30, 37.779626, -122.455113, 'Cupidatat cillum duis incididunt reprehenderit cupidatat fugiat occaecat eu non amet. Qui minim adipisicing labore qui pariatur aute ex nostrud. Do ad in aute eiusmod non veniam nostrud qui quis.', 'https://via.placeholder.com/400/', 'https://via.placeholder.com/400/?text=ICON', '2020-01-06 01:37:53'),
(119, 30, 37.722897, -122.438045, 'Consectetur sunt est incididunt sint eiusmod eu fugiat. Proident nisi veniam quis amet consectetur magna culpa ea id reprehenderit dolore exercitation. Aliqua culpa dolore excepteur deserunt id duis et adipisicing velit fugiat est fugiat proident.', 'https://via.placeholder.com/400/', 'https://via.placeholder.com/400/?text=ICON', '2020-07-19 05:08:18'),
(120, 2, 37.763366, -122.479303, 'Ipsum ipsum ea dolor ipsum sint id in consectetur. In duis est adipisicing duis excepteur aliquip veniam. Eu nostrud fugiat mollit anim elit consectetur laboris minim tempor cupidatat ea pariatur dolor sunt.', 'https://via.placeholder.com/400/', 'https://via.placeholder.com/400/?text=ICON', '2021-08-25 06:46:43'),
(121, 25, 37.765950, -122.429543, 'Et labore officia ad est nisi quis elit est cupidatat. Lorem sunt non proident do id laborum duis ad sint qui. Ullamco do Lorem nulla in ut.', 'https://via.placeholder.com/400/', 'https://via.placeholder.com/400/?text=ICON', '2020-03-29 08:03:35'),
(122, 14, 37.772493, -122.477892, 'Anim pariatur sint nisi duis cillum aliquip commodo proident voluptate consectetur aute. Incididunt consequat in culpa exercitation qui consequat eu. Amet cillum do pariatur excepteur aliqua magna cupidatat excepteur in.', 'https://via.placeholder.com/400/', 'https://via.placeholder.com/400/?text=ICON', '2020-07-24 07:44:39'),
(123, 48, 37.749650, -122.486175, 'Consequat aliqua excepteur pariatur labore anim dolore labore adipisicing tempor. Ut aute minim do pariatur non do aliquip dolor consectetur sit. Incididunt eu minim incididunt incididunt sint voluptate.', 'https://via.placeholder.com/400/', 'https://via.placeholder.com/400/?text=ICON', '2021-06-08 06:54:14'),
(124, 28, 37.709388, -122.479621, 'Excepteur ex enim veniam sit incididunt est est. Nisi id et consequat ullamco exercitation aliqua adipisicing ad excepteur reprehenderit. Occaecat dolore incididunt sunt quis incididunt est ea velit.', 'https://via.placeholder.com/400/', 'https://via.placeholder.com/400/?text=ICON', '2021-10-14 11:17:43'),
(125, 39, 37.747633, -122.436805, 'Officia aute anim laboris ea sunt anim voluptate duis qui irure eiusmod elit. Tempor non veniam ut ea Lorem velit id ullamco ipsum laborum aliquip. Irure aute exercitation ipsum culpa consectetur duis nostrud.', 'https://via.placeholder.com/400/', 'https://via.placeholder.com/400/?text=ICON', '2020-06-14 08:18:01'),
(126, 7, 37.732967, -122.381124, 'Pariatur do velit culpa adipisicing cillum cillum minim irure enim quis tempor. Ad cupidatat minim mollit est commodo ea anim do anim. Dolore incididunt enim eu non.', 'https://via.placeholder.com/400/', 'https://via.placeholder.com/400/?text=ICON', '2020-03-03 04:58:36'),
(127, 29, 37.727247, -122.418271, 'Dolor esse veniam ipsum adipisicing. Sit in occaecat laborum ea ipsum exercitation elit voluptate fugiat sunt. Cillum incididunt labore est consectetur ea pariatur tempor aliquip aute mollit.', 'https://via.placeholder.com/400/', 'https://via.placeholder.com/400/?text=ICON', '2021-02-28 04:47:09'),
(128, 29, 37.715299, -122.372903, 'Sint eu nulla nisi enim. Labore ullamco labore id deserunt do sint adipisicing et laborum reprehenderit minim minim qui. Incididunt qui in non proident nulla deserunt commodo in.', 'https://via.placeholder.com/400/', 'https://via.placeholder.com/400/?text=ICON', '2021-08-26 05:47:24'),
(129, 45, 37.775499, -122.426082, 'Reprehenderit est et anim id aute eu eiusmod culpa. Dolor incididunt anim non do cupidatat aliqua commodo cupidatat et culpa sit cupidatat velit eiusmod. Et laborum qui commodo aliquip eu officia sit nostrud nostrud consequat eiusmod in.', 'https://via.placeholder.com/400/', 'https://via.placeholder.com/400/?text=ICON', '2020-07-18 07:49:26'),
(130, 40, 37.773907, -122.453151, 'Non duis eu officia excepteur ut. Proident incididunt nisi elit magna sit ullamco laborum amet consectetur proident. Culpa duis labore pariatur adipisicing quis aliqua ad excepteur duis officia fugiat duis ut.', 'https://via.placeholder.com/400/', 'https://via.placeholder.com/400/?text=ICON', '2021-09-12 01:06:09'),
(131, 14, 37.798335, -122.506778, 'Ullamco culpa duis laborum laboris sint do irure. Tempor minim aute nisi laborum non aliquip. Fugiat quis aliquip aute cillum veniam consectetur esse esse pariatur labore occaecat excepteur.', 'https://via.placeholder.com/400/', 'https://via.placeholder.com/400/?text=ICON', '2020-09-03 03:32:04'),
(132, 43, 37.751750, -122.391331, 'Reprehenderit irure anim quis ad elit culpa nulla est. Consectetur proident ex nulla nisi eu. Consequat excepteur ipsum deserunt quis nulla magna id duis magna aliquip fugiat laborum adipisicing reprehenderit.', 'https://via.placeholder.com/400/', 'https://via.placeholder.com/400/?text=ICON', '2020-03-29 10:50:54'),
(133, 8, 37.741520, -122.431190, 'Fugiat eu ea mollit eiusmod aliqua culpa exercitation labore laboris. Nulla dolor id exercitation magna proident quis amet commodo nisi velit sint proident. Ex ex nisi aute consectetur irure aliquip esse cupidatat qui ipsum.', 'https://via.placeholder.com/400/', 'https://via.placeholder.com/400/?text=ICON', '2020-09-19 06:01:39'),
(134, 32, 37.722424, -122.464617, 'Ex duis est mollit occaecat exercitation Lorem magna irure incididunt tempor proident qui mollit esse. Excepteur dolor excepteur laboris minim in officia adipisicing nostrud sunt ipsum laboris. Sint laboris amet esse ullamco occaecat.', 'https://via.placeholder.com/400/', 'https://via.placeholder.com/400/?text=ICON', '2020-06-09 07:57:43'),
(135, 37, 37.797030, -122.508986, 'Qui mollit ullamco dolor non eiusmod anim eiusmod ipsum. Lorem sunt esse cillum ipsum eu consequat cillum exercitation mollit exercitation id enim. Eu amet non nisi magna officia laborum est.', 'https://via.placeholder.com/400/', 'https://via.placeholder.com/400/?text=ICON', '2021-03-04 01:24:46'),
(136, 29, 37.719209, -122.419543, 'Aliquip ea nostrud voluptate adipisicing nisi fugiat aliquip id quis est ut aute nulla nulla. Ipsum pariatur adipisicing sint laborum dolore eiusmod sunt laborum sit ad nostrud occaecat reprehenderit. Excepteur commodo officia minim quis cillum.', 'https://via.placeholder.com/400/', 'https://via.placeholder.com/400/?text=ICON', '2020-09-23 09:39:38'),
(137, 14, 37.774532, -122.491533, 'Magna quis eiusmod elit irure aliquip quis sit exercitation dolore mollit. Cillum sunt irure adipisicing sunt enim aliqua aute commodo enim. Adipisicing irure ex aliqua incididunt incididunt adipisicing deserunt nostrud.', 'https://via.placeholder.com/400/', 'https://via.placeholder.com/400/?text=ICON', '2021-08-03 04:55:37'),
(138, 16, 37.782039, -122.400082, 'Minim culpa veniam nulla exercitation est elit exercitation voluptate qui non pariatur ad laboris do. In sit ea non aliqua enim adipisicing duis. Enim voluptate commodo laborum nulla eu veniam ex aliquip eiusmod est.', 'https://via.placeholder.com/400/', 'https://via.placeholder.com/400/?text=ICON', '2021-10-14 01:54:12'),
(139, 46, 37.778290, -122.500990, 'Adipisicing pariatur et fugiat pariatur aliquip minim ullamco sit mollit eu duis Lorem ut. Mollit id sit qui nostrud magna ea consequat consectetur. Aute ullamco cillum in consectetur duis voluptate sint aliquip exercitation proident amet Lorem reprehenderit id.', 'https://via.placeholder.com/400/', 'https://via.placeholder.com/400/?text=ICON', '2020-03-14 11:52:58'),
(140, 46, 37.758024, -122.499803, 'Qui irure ea non et reprehenderit velit consectetur labore non ex nostrud laborum. Fugiat excepteur deserunt esse non officia ullamco irure adipisicing excepteur. Labore nulla nulla deserunt do pariatur irure ullamco adipisicing labore est ipsum veniam.', 'https://via.placeholder.com/400/', 'https://via.placeholder.com/400/?text=ICON', '2021-01-11 03:59:40'),
(141, 9, 37.789682, -122.382768, 'Aliqua cillum adipisicing quis nostrud officia non incididunt cupidatat consectetur nisi minim ea excepteur. Consequat veniam laboris culpa ad aliquip velit cillum velit mollit amet et. Commodo non proident fugiat occaecat ipsum qui anim magna velit minim.', 'https://via.placeholder.com/400/', 'https://via.placeholder.com/400/?text=ICON', '2021-07-01 07:49:00'),
(142, 38, 37.727821, -122.406643, 'Voluptate laboris mollit amet et eu nostrud proident cillum exercitation. Voluptate eu incididunt minim non veniam elit quis Lorem officia aliqua nulla. Nisi eiusmod proident laborum cupidatat exercitation.', 'https://via.placeholder.com/400/', 'https://via.placeholder.com/400/?text=ICON', '2020-10-28 12:07:20'),
(143, 10, 37.729703, -122.382689, 'Mollit exercitation anim fugiat aliquip sint incididunt amet duis aliqua exercitation dolor aute. Aliquip ullamco amet velit tempor voluptate labore esse voluptate. Eiusmod pariatur reprehenderit non do consequat non laboris laboris dolore culpa sint dolor.', 'https://via.placeholder.com/400/', 'https://via.placeholder.com/400/?text=ICON', '2021-06-06 04:26:09'),
(144, 30, 37.739655, -122.416464, 'Fugiat aliqua reprehenderit consequat magna occaecat aliquip magna exercitation esse duis est reprehenderit. Eu nostrud esse minim nostrud minim excepteur et fugiat minim qui nostrud est. Sint proident deserunt ex nulla amet consequat.', 'https://via.placeholder.com/400/', 'https://via.placeholder.com/400/?text=ICON', '2020-01-29 08:05:29');
INSERT INTO `track_locations` (`id`, `venue_id`, `lat`, `lng`, `description`, `photo`, `icon`, `date_create`) VALUES
(145, 9, 37.737795, -122.420582, 'Est veniam et proident pariatur do excepteur et consectetur ut velit sint elit amet. Qui non Lorem sit aute velit velit ea id id qui et exercitation voluptate. Deserunt magna deserunt do pariatur nisi dolore irure voluptate ad laborum laboris ad.', 'https://via.placeholder.com/400/', 'https://via.placeholder.com/400/?text=ICON', '2020-08-31 01:55:58'),
(146, 4, 37.754244, -122.500292, 'Excepteur consequat Lorem tempor laboris deserunt. Esse culpa ullamco cillum ad sint et sit esse occaecat deserunt nisi id deserunt velit. Consectetur enim laborum ipsum quis sint duis occaecat do ullamco ut consequat amet duis.', 'https://via.placeholder.com/400/', 'https://via.placeholder.com/400/?text=ICON', '2020-02-22 03:33:21'),
(147, 6, 37.781304, -122.501458, 'Aliquip deserunt cillum ad nisi sunt aliqua ipsum. Do aute sunt do amet ad pariatur ea enim mollit ipsum sit. Adipisicing in velit consectetur veniam exercitation et ad.', 'https://via.placeholder.com/400/', 'https://via.placeholder.com/400/?text=ICON', '2020-10-13 05:54:40'),
(148, 15, 37.746305, -122.373587, 'Eu adipisicing aute officia consectetur labore non. Velit velit et amet consequat cupidatat commodo voluptate in cupidatat commodo pariatur. Velit commodo minim officia exercitation occaecat tempor nisi minim deserunt tempor cillum fugiat cupidatat ea.', 'https://via.placeholder.com/400/', 'https://via.placeholder.com/400/?text=ICON', '2021-03-23 07:45:22'),
(149, 11, 37.779813, -122.478068, 'Lorem consequat id non incididunt elit id reprehenderit elit tempor. Id dolor esse qui sint velit qui. Voluptate ut fugiat reprehenderit occaecat commodo labore laborum eiusmod.', 'https://via.placeholder.com/400/', 'https://via.placeholder.com/400/?text=ICON', '2021-07-20 12:50:56'),
(150, 40, 37.729706, -122.415211, 'Elit nostrud do laboris ea Lorem exercitation culpa. Est occaecat est nulla ex fugiat enim qui aute eu deserunt nisi deserunt ex tempor. Sint elit aliquip minim ut reprehenderit sint nisi duis sit exercitation incididunt adipisicing.', 'https://via.placeholder.com/400/', 'https://via.placeholder.com/400/?text=ICON', '2020-05-09 03:42:46'),
(151, 43, 37.767318, -122.477438, 'Ipsum aliquip do commodo ipsum fugiat. Enim aliqua cillum et est. Id laboris adipisicing laborum irure deserunt commodo deserunt consequat irure veniam ad magna.', 'https://via.placeholder.com/400/', 'https://via.placeholder.com/400/?text=ICON', '2020-10-11 05:18:26'),
(152, 20, 37.786555, -122.393015, 'Deserunt commodo velit culpa ad qui pariatur deserunt Lorem mollit laborum qui. Ea eu id est ut eu pariatur nulla. Proident velit et quis id minim et reprehenderit.', 'https://via.placeholder.com/400/', 'https://via.placeholder.com/400/?text=ICON', '2020-03-25 08:55:29'),
(153, 42, 37.779556, -122.373898, 'Et exercitation dolore culpa commodo in non enim officia. Ut magna sit duis culpa dolor elit magna est sit qui esse. Et veniam incididunt velit exercitation adipisicing mollit sint pariatur et amet et.', 'https://via.placeholder.com/400/', 'https://via.placeholder.com/400/?text=ICON', '2020-12-19 11:34:07'),
(154, 50, 37.756217, -122.485017, 'Aliqua est cupidatat fugiat adipisicing. Irure ullamco in proident aute labore. Anim cillum velit dolore labore incididunt sit reprehenderit laborum cupidatat.', 'https://via.placeholder.com/400/', 'https://via.placeholder.com/400/?text=ICON', '2020-03-14 04:59:01'),
(155, 33, 37.744988, -122.499275, 'Aliquip exercitation elit amet ex velit nostrud ullamco pariatur consectetur. Nostrud do proident anim ea nulla. Aliqua proident ullamco sit ut.', 'https://via.placeholder.com/400/', 'https://via.placeholder.com/400/?text=ICON', '2020-03-03 04:43:59'),
(156, 8, 37.785567, -122.476992, 'Ipsum duis ipsum enim cupidatat duis laborum labore velit dolor ea dolore aliquip do. Culpa labore minim Lorem ipsum amet ut officia enim commodo sint sunt laborum. Minim ad amet in aute ad sint enim reprehenderit dolor aliqua mollit.', 'https://via.placeholder.com/400/', 'https://via.placeholder.com/400/?text=ICON', '2021-08-25 02:26:30'),
(157, 25, 37.779296, -122.424647, 'Magna dolor sit nisi labore qui laboris nulla ad eu enim esse. Ipsum aliquip do nostrud nisi excepteur. Esse et veniam non dolor non qui aliquip duis.', 'https://via.placeholder.com/400/', 'https://via.placeholder.com/400/?text=ICON', '2021-08-15 02:40:47'),
(158, 13, 37.736344, -122.375664, 'Esse voluptate elit culpa irure dolor deserunt aliqua id quis proident irure. Do minim et reprehenderit excepteur fugiat ipsum. Ut minim ad nulla mollit qui ut eu reprehenderit ut eu deserunt consequat ipsum elit.', 'https://via.placeholder.com/400/', 'https://via.placeholder.com/400/?text=ICON', '2020-01-03 12:49:06'),
(159, 14, 37.721647, -122.461666, 'Cillum qui reprehenderit non ipsum nostrud consequat ex ea. Amet duis elit cupidatat ut id fugiat reprehenderit cillum deserunt amet. Labore esse tempor esse labore sint nisi nostrud dolor elit exercitation magna consectetur eiusmod incididunt.', 'https://via.placeholder.com/400/', 'https://via.placeholder.com/400/?text=ICON', '2020-03-05 01:15:12'),
(160, 33, 37.731741, -122.457679, 'Tempor occaecat aliqua in occaecat exercitation ut pariatur. Enim cupidatat ex labore qui Lorem non reprehenderit deserunt sit. Laborum est Lorem adipisicing officia pariatur dolore aliqua esse sit dolor non ipsum.', 'https://via.placeholder.com/400/', 'https://via.placeholder.com/400/?text=ICON', '2020-12-22 07:06:49'),
(161, 1, 37.711659, -122.377407, 'Veniam laborum id laborum id occaecat velit dolore consequat aliqua aliquip anim. Ad nisi id aute id mollit veniam cillum eiusmod sint qui. Reprehenderit adipisicing ad est proident Lorem elit do.', 'https://via.placeholder.com/400/', 'https://via.placeholder.com/400/?text=ICON', '2021-02-19 10:01:26'),
(162, 33, 37.715920, -122.428157, 'Fugiat tempor veniam magna excepteur amet proident fugiat dolor eiusmod id et. Irure elit sit exercitation sunt ea labore. Quis excepteur est reprehenderit incididunt anim aute proident amet et mollit.', 'https://via.placeholder.com/400/', 'https://via.placeholder.com/400/?text=ICON', '2021-05-18 11:33:48'),
(163, 49, 37.743756, -122.440516, 'Commodo aliqua nostrud esse excepteur qui anim. Labore ut deserunt non irure nisi consectetur elit amet eu. Elit voluptate dolor in eiusmod consequat sunt nulla voluptate est quis id non.', 'https://via.placeholder.com/400/', 'https://via.placeholder.com/400/?text=ICON', '2021-01-26 09:47:12'),
(164, 19, 37.788784, -122.483453, 'Magna occaecat sit fugiat aliquip occaecat dolore cupidatat consectetur dolor ullamco nostrud aliquip adipisicing. Voluptate qui mollit do ex adipisicing labore minim esse incididunt commodo ipsum est voluptate. Consequat nulla ex sint adipisicing excepteur consequat.', 'https://via.placeholder.com/400/', 'https://via.placeholder.com/400/?text=ICON', '2021-06-08 08:53:14'),
(165, 18, 37.732873, -122.364977, 'Sit sunt velit laboris cupidatat. Mollit proident commodo cupidatat sit ut dolor ex Lorem magna. Mollit nostrud incididunt sit dolor irure ea non laborum excepteur qui fugiat excepteur est.', 'https://via.placeholder.com/400/', 'https://via.placeholder.com/400/?text=ICON', '2020-12-11 11:33:20'),
(166, 27, 37.769996, -122.491938, 'Laboris fugiat nostrud commodo magna eiusmod fugiat nisi esse in deserunt. Commodo minim mollit laborum consequat exercitation id do occaecat ex ad culpa. Voluptate cupidatat dolore quis enim laboris irure ad consequat.', 'https://via.placeholder.com/400/', 'https://via.placeholder.com/400/?text=ICON', '2021-03-06 07:47:59'),
(167, 18, 37.710813, -122.450116, 'Nulla voluptate tempor ex incididunt ex laborum laborum ex sunt eiusmod. Sunt dolore nostrud nulla culpa. Tempor reprehenderit pariatur do cupidatat.', 'https://via.placeholder.com/400/', 'https://via.placeholder.com/400/?text=ICON', '2021-10-16 09:25:15'),
(168, 45, 37.761723, -122.387105, 'Duis et cupidatat labore incididunt Lorem. Eiusmod quis voluptate ad laborum in voluptate labore elit laboris. Mollit velit consequat ex ea quis non sint esse.', 'https://via.placeholder.com/400/', 'https://via.placeholder.com/400/?text=ICON', '2021-01-30 10:43:57'),
(169, 1, 37.791259, -122.448604, 'Non mollit quis Lorem id non. Culpa ea elit esse sit laborum amet ex ipsum quis do enim esse aute cillum. Anim pariatur aute voluptate sit elit elit incididunt Lorem ullamco ad tempor.', 'https://via.placeholder.com/400/', 'https://via.placeholder.com/400/?text=ICON', '2020-11-08 07:42:27'),
(170, 16, 37.791226, -122.465319, 'Qui veniam deserunt tempor exercitation veniam. Qui esse laboris sunt ipsum sint et. Consequat do reprehenderit sint laboris voluptate aute fugiat sint deserunt.', 'https://via.placeholder.com/400/', 'https://via.placeholder.com/400/?text=ICON', '2020-04-22 01:27:08'),
(171, 28, 37.776084, -122.512449, 'Aliqua nisi excepteur laborum consectetur. Aute ipsum esse cillum anim dolore deserunt pariatur qui velit exercitation dolor ad. Proident eiusmod commodo laboris id.', 'https://via.placeholder.com/400/', 'https://via.placeholder.com/400/?text=ICON', '2020-02-29 05:28:40'),
(172, 16, 37.787695, -122.417722, 'Ea id sit elit duis. Nisi laborum consectetur cillum et voluptate qui laborum deserunt eu in in dolor mollit. Magna dolore deserunt nulla laborum.', 'https://via.placeholder.com/400/', 'https://via.placeholder.com/400/?text=ICON', '2021-10-16 09:22:08'),
(173, 46, 37.738611, -122.423995, 'Fugiat dolore laborum cillum eu magna velit sunt excepteur et reprehenderit voluptate nisi. Anim culpa eu exercitation occaecat excepteur sunt in officia proident occaecat ipsum irure sint qui. Dolore exercitation id qui culpa cillum sit et est eiusmod cupidatat.', 'https://via.placeholder.com/400/', 'https://via.placeholder.com/400/?text=ICON', '2021-10-02 01:10:57'),
(174, 39, 37.763335, -122.413549, 'Commodo eu nulla magna fugiat labore. Elit et do ut ipsum laboris minim deserunt commodo do dolore nulla. Enim occaecat aliqua nisi deserunt cillum duis in ex veniam cupidatat.', 'https://via.placeholder.com/400/', 'https://via.placeholder.com/400/?text=ICON', '2020-12-17 05:47:18'),
(175, 44, 37.717528, -122.401232, 'Est nostrud consequat aute laborum cillum anim incididunt culpa cupidatat consequat consequat. Consectetur sunt anim cillum nulla. Aute elit ad occaecat anim consequat officia nisi in aliqua proident in.', 'https://via.placeholder.com/400/', 'https://via.placeholder.com/400/?text=ICON', '2021-03-12 12:55:58'),
(176, 41, 37.733964, -122.495729, 'Ipsum occaecat dolor exercitation anim officia commodo dolor ut aliquip. Officia et do amet ullamco dolor Lorem esse dolore nulla. Minim consequat ut ea ad qui nulla reprehenderit.', 'https://via.placeholder.com/400/', 'https://via.placeholder.com/400/?text=ICON', '2020-03-19 12:29:46'),
(177, 1, 37.727527, -122.393782, 'Et pariatur incididunt officia incididunt aliquip dolore. Labore ea ut tempor nulla officia minim velit nisi anim officia. Irure aute excepteur sit excepteur.', 'https://via.placeholder.com/400/', 'https://via.placeholder.com/400/?text=ICON', '2020-12-20 08:08:48'),
(178, 37, 37.717198, -122.378800, 'Officia amet cillum velit aliquip magna ad culpa aute nisi laboris ea officia irure. Voluptate aute anim sit mollit ex non qui veniam elit. Non magna sunt aliqua tempor exercitation excepteur incididunt anim ipsum sint adipisicing.', 'https://via.placeholder.com/400/', 'https://via.placeholder.com/400/?text=ICON', '2021-08-12 08:12:37'),
(179, 16, 37.793057, -122.481905, 'Nostrud irure non excepteur laborum esse. In cillum pariatur excepteur fugiat nostrud est nisi. Occaecat irure commodo excepteur voluptate ea enim cupidatat.', 'https://via.placeholder.com/400/', 'https://via.placeholder.com/400/?text=ICON', '2021-01-05 01:18:51'),
(180, 35, 37.714955, -122.371437, 'Reprehenderit dolor consectetur enim voluptate in irure eiusmod eu in sint id duis. Nostrud elit sunt sint nostrud. Veniam culpa ipsum adipisicing voluptate veniam ex sit eu aliqua proident ex.', 'https://via.placeholder.com/400/', 'https://via.placeholder.com/400/?text=ICON', '2020-08-04 10:43:52'),
(181, 8, 37.745160, -122.480994, 'Do ad enim consectetur elit. Nulla eu consectetur deserunt eu labore laboris quis anim exercitation velit minim. Incididunt commodo do pariatur non nulla quis Lorem do consequat cillum qui.', 'https://via.placeholder.com/400/', 'https://via.placeholder.com/400/?text=ICON', '2020-09-19 02:59:00'),
(182, 36, 37.744549, -122.401230, 'Nulla minim tempor excepteur sunt sit et velit ea mollit. Culpa veniam tempor non nulla nisi aute laborum aliquip enim est nisi cillum excepteur culpa. Cillum minim anim laboris mollit.', 'https://via.placeholder.com/400/', 'https://via.placeholder.com/400/?text=ICON', '2021-03-02 01:59:52'),
(183, 16, 37.735346, -122.486647, 'Ad deserunt cillum ex ullamco veniam eu pariatur occaecat ea aliqua anim fugiat. Nostrud ex ipsum quis sit excepteur fugiat nulla sit Lorem do do consequat ullamco. Laborum cupidatat labore laborum irure aliquip excepteur ad anim ullamco aute irure sit.', 'https://via.placeholder.com/400/', 'https://via.placeholder.com/400/?text=ICON', '2021-06-21 12:04:48'),
(184, 49, 37.707664, -122.435653, 'Id ipsum aliqua nisi consectetur veniam sit non mollit. Pariatur laborum mollit et proident. Amet anim cillum ullamco anim excepteur cupidatat sunt commodo eu aliqua mollit non aute.', 'https://via.placeholder.com/400/', 'https://via.placeholder.com/400/?text=ICON', '2021-07-11 04:06:13'),
(185, 12, 37.780748, -122.377241, 'Deserunt aliqua irure incididunt duis officia sunt pariatur nisi sunt sunt. Et aliqua laboris adipisicing culpa consequat consequat incididunt. Dolor deserunt voluptate velit ipsum occaecat labore Lorem labore excepteur.', 'https://via.placeholder.com/400/', 'https://via.placeholder.com/400/?text=ICON', '2020-06-25 08:56:56'),
(186, 18, 37.766145, -122.426683, 'Incididunt sint non id cillum aute duis. In sint eiusmod esse ex elit sint est in ut elit id in non commodo. Dolor magna fugiat eu in anim quis nisi cillum qui ullamco elit nulla aute aliqua.', 'https://via.placeholder.com/400/', 'https://via.placeholder.com/400/?text=ICON', '2021-08-20 03:27:04'),
(187, 30, 37.725648, -122.489607, 'Labore irure dolor esse elit duis laboris irure eiusmod amet consequat et esse proident. Voluptate nulla aliqua est amet. Culpa commodo irure reprehenderit proident.', 'https://via.placeholder.com/400/', 'https://via.placeholder.com/400/?text=ICON', '2020-03-25 02:53:37'),
(188, 35, 37.728646, -122.425290, 'Aliquip consectetur laborum et laborum pariatur ullamco. Pariatur do ex nisi proident. Enim nulla aute proident dolore consectetur culpa.', 'https://via.placeholder.com/400/', 'https://via.placeholder.com/400/?text=ICON', '2021-06-18 04:49:37'),
(189, 10, 37.747502, -122.413895, 'Lorem eu elit nostrud ipsum. Sunt ullamco ex et fugiat tempor ad. Dolor irure quis nulla cupidatat velit culpa proident aliquip magna non.', 'https://via.placeholder.com/400/', 'https://via.placeholder.com/400/?text=ICON', '2021-03-30 06:02:20'),
(190, 46, 37.781467, -122.449646, 'Aliqua ex commodo nostrud ipsum nulla est enim ullamco ipsum occaecat in sint voluptate. Ea pariatur eiusmod dolor ex aliquip amet officia aute excepteur deserunt. Sint consequat incididunt ipsum esse sunt.', 'https://via.placeholder.com/400/', 'https://via.placeholder.com/400/?text=ICON', '2020-01-17 02:33:37'),
(191, 41, 37.782094, -122.507618, 'Fugiat enim velit ad pariatur. Ex minim fugiat aliquip mollit voluptate amet ullamco pariatur dolore nostrud nisi. Minim ut excepteur aliqua nisi non incididunt cupidatat nisi quis adipisicing veniam.', 'https://via.placeholder.com/400/', 'https://via.placeholder.com/400/?text=ICON', '2020-01-20 08:56:59'),
(192, 40, 37.714269, -122.402524, 'Enim magna magna exercitation duis id ex amet aute. Officia laboris officia nostrud minim amet. Non sit dolore labore velit et dolore ullamco.', 'https://via.placeholder.com/400/', 'https://via.placeholder.com/400/?text=ICON', '2021-02-05 12:40:39'),
(193, 39, 37.766595, -122.498316, 'Et veniam amet sunt id id Lorem. Labore sunt excepteur eu occaecat anim eiusmod nostrud cillum. Duis in sit consectetur enim anim dolor consequat exercitation ad.', 'https://via.placeholder.com/400/', 'https://via.placeholder.com/400/?text=ICON', '2020-02-07 10:49:19'),
(194, 6, 37.800325, -122.495900, 'Aliquip reprehenderit ad commodo ad. Sit quis proident ullamco adipisicing cillum proident cupidatat. Ea tempor velit ea quis eu minim.', 'https://via.placeholder.com/400/', 'https://via.placeholder.com/400/?text=ICON', '2020-01-17 08:55:23'),
(195, 11, 37.731816, -122.435605, 'Voluptate sunt labore ipsum magna exercitation fugiat. Officia non sunt labore culpa in exercitation labore. Adipisicing ea cillum sit veniam elit anim ullamco velit voluptate minim.', 'https://via.placeholder.com/400/', 'https://via.placeholder.com/400/?text=ICON', '2020-02-25 08:03:09'),
(196, 36, 37.707332, -122.491991, 'Id exercitation do aliquip veniam. Elit esse ad Lorem anim. Lorem qui ullamco et minim.', 'https://via.placeholder.com/400/', 'https://via.placeholder.com/400/?text=ICON', '2020-09-13 12:29:07'),
(197, 46, 37.750481, -122.488502, 'Cillum quis nisi velit nisi proident aliqua elit officia aute occaecat tempor excepteur labore sunt. Dolore tempor ad dolor labore elit voluptate exercitation in mollit. Ea commodo exercitation Lorem sunt excepteur exercitation eu laboris deserunt incididunt ullamco proident ipsum.', 'https://via.placeholder.com/400/', 'https://via.placeholder.com/400/?text=ICON', '2020-01-18 01:24:11'),
(198, 3, 37.741491, -122.463784, 'Pariatur enim culpa et laborum quis Lorem elit et sint non. Proident aliqua voluptate sit ipsum proident anim ut laboris. Magna eiusmod incididunt fugiat nisi ex ea magna nostrud non do non voluptate dolor.', 'https://via.placeholder.com/400/', 'https://via.placeholder.com/400/?text=ICON', '2021-06-27 04:42:51'),
(199, 5, 37.736368, -122.445413, 'Do aliquip ad reprehenderit ex nisi nulla nostrud pariatur officia reprehenderit ullamco tempor elit. Dolore ipsum nulla voluptate non duis officia incididunt incididunt eiusmod. Amet excepteur pariatur Lorem et est consequat do ipsum proident officia dolore et.', 'https://via.placeholder.com/400/', 'https://via.placeholder.com/400/?text=ICON', '2021-09-13 04:30:06'),
(200, 30, 37.760125, -122.479661, 'Ea est id ad mollit reprehenderit exercitation commodo veniam tempor. Deserunt velit exercitation non in deserunt consequat Lorem. Dolor officia aliquip cupidatat veniam labore eu ullamco sunt reprehenderit dolor ut aliqua.', 'https://via.placeholder.com/400/', 'https://via.placeholder.com/400/?text=ICON', '2021-08-14 12:18:27'),
(201, 22, 37.780633, -122.490474, 'Esse officia anim proident anim nostrud ad pariatur non ex veniam. Labore Lorem incididunt proident cillum eu officia ut duis ullamco mollit anim voluptate et. Veniam enim officia nostrud cupidatat et sunt magna aliquip id sunt.', 'https://via.placeholder.com/400/', 'https://via.placeholder.com/400/?text=ICON', '2020-12-27 01:32:00'),
(202, 19, 37.788476, -122.481793, 'Pariatur incididunt id nisi enim cupidatat. Eiusmod et laborum labore dolore duis voluptate sint ex. Proident cillum ad veniam labore pariatur ea do consectetur.', 'https://via.placeholder.com/400/', 'https://via.placeholder.com/400/?text=ICON', '2021-10-20 11:21:24'),
(203, 7, 37.719446, -122.410073, 'Duis incididunt ad esse anim cupidatat voluptate aliqua veniam dolore et exercitation labore amet. Ea laboris in ipsum dolore. Nostrud nisi est aliqua occaecat deserunt aute ullamco sit commodo.', 'https://via.placeholder.com/400/', 'https://via.placeholder.com/400/?text=ICON', '2020-01-15 11:16:48'),
(204, 44, 37.753207, -122.449452, 'Laboris qui nostrud tempor consectetur. Consequat ullamco veniam est nulla. Irure cillum exercitation reprehenderit nulla nostrud.', 'https://via.placeholder.com/400/', 'https://via.placeholder.com/400/?text=ICON', '2020-11-26 07:28:37'),
(205, 38, 37.793905, -122.480344, 'Anim ad amet deserunt et. Deserunt minim nulla dolore consequat reprehenderit cillum dolore aliquip ipsum irure consectetur aliqua occaecat. Anim aliquip velit magna reprehenderit cupidatat consequat officia sint sunt.', 'https://via.placeholder.com/400/', 'https://via.placeholder.com/400/?text=ICON', '2020-12-13 11:24:56'),
(206, 41, 37.789839, -122.406606, 'Dolore officia in excepteur officia duis mollit laborum in. Pariatur proident voluptate duis veniam. Duis occaecat enim consequat labore anim ullamco exercitation dolore anim cillum non officia.', 'https://via.placeholder.com/400/', 'https://via.placeholder.com/400/?text=ICON', '2020-12-24 10:22:36'),
(207, 27, 37.796654, -122.472333, 'Lorem irure pariatur est et ea occaecat eu nisi dolor. Nisi ea dolor amet officia magna occaecat tempor ex reprehenderit officia labore ipsum. Qui anim deserunt id anim officia et anim consectetur fugiat labore ullamco irure do qui.', 'https://via.placeholder.com/400/', 'https://via.placeholder.com/400/?text=ICON', '2021-03-15 05:57:58'),
(208, 17, 37.751069, -122.405633, 'Non aliquip amet duis sit dolor. Quis adipisicing laborum magna sunt veniam dolore eu non sit sunt sunt sint nostrud officia. Laboris nulla commodo incididunt labore ad sit.', 'https://via.placeholder.com/400/', 'https://via.placeholder.com/400/?text=ICON', '2021-09-22 04:10:45'),
(209, 21, 37.749865, -122.408188, 'Amet aliqua aliqua consequat consectetur nostrud. Eu ad tempor esse proident sunt fugiat laborum anim. Aliqua ipsum duis aliqua et voluptate duis aliqua consectetur et eiusmod.', 'https://via.placeholder.com/400/', 'https://via.placeholder.com/400/?text=ICON', '2021-06-14 07:27:09'),
(210, 21, 37.767948, -122.479937, 'Id culpa magna nisi adipisicing mollit cupidatat amet aliqua ullamco. Duis exercitation veniam dolore aute non Lorem. Mollit non exercitation exercitation aliqua officia enim duis commodo.', 'https://via.placeholder.com/400/', 'https://via.placeholder.com/400/?text=ICON', '2021-08-17 02:15:25'),
(211, 39, 37.747762, -122.419443, 'Nostrud excepteur aute ipsum dolor fugiat veniam eu in dolor. Reprehenderit elit sit esse dolor minim cillum est velit dolor esse. Minim elit consectetur exercitation occaecat officia ea voluptate dolore ipsum aliquip quis veniam.', 'https://via.placeholder.com/400/', 'https://via.placeholder.com/400/?text=ICON', '2020-02-24 06:48:52'),
(212, 13, 37.734348, -122.459195, 'Excepteur esse esse minim sunt ullamco laborum nostrud labore Lorem. Irure nulla tempor commodo ut nulla est est ad. Magna et non aute velit ea do proident officia nostrud eiusmod ex ut elit.', 'https://via.placeholder.com/400/', 'https://via.placeholder.com/400/?text=ICON', '2020-03-12 11:43:24'),
(213, 21, 37.725747, -122.422703, 'Exercitation aute officia ut do tempor incididunt mollit est. Non tempor incididunt officia magna. Irure eu mollit proident culpa culpa aute ipsum consequat ad nisi aliqua qui est.', 'https://via.placeholder.com/400/', 'https://via.placeholder.com/400/?text=ICON', '2021-10-11 11:19:31'),
(214, 13, 37.782965, -122.433086, 'Nisi veniam sint dolor aliquip. Quis dolore elit veniam minim occaecat commodo amet nostrud deserunt. Ea laborum duis ea tempor fugiat consequat elit dolore culpa enim.', 'https://via.placeholder.com/400/', 'https://via.placeholder.com/400/?text=ICON', '2020-03-31 10:36:17'),
(215, 2, 37.771058, -122.507097, 'Non magna veniam esse tempor ipsum mollit eiusmod deserunt deserunt consequat culpa nisi qui. Occaecat sunt voluptate mollit aliqua nulla consequat aute duis id sunt cupidatat cupidatat irure laborum. Cillum sunt eu commodo ut ullamco deserunt esse do proident.', 'https://via.placeholder.com/400/', 'https://via.placeholder.com/400/?text=ICON', '2020-07-25 01:10:23'),
(216, 44, 37.768218, -122.445848, 'Culpa culpa ex laboris non id. Culpa laborum consectetur Lorem minim voluptate officia qui anim dolor nisi. Ipsum aliqua fugiat eiusmod minim ut aliquip duis excepteur enim amet.', 'https://via.placeholder.com/400/', 'https://via.placeholder.com/400/?text=ICON', '2020-02-22 08:45:30'),
(217, 16, 37.781074, -122.468480, 'Culpa ad in reprehenderit id id laborum culpa aute nisi tempor ullamco. Id minim ad tempor magna et ad aliqua ut esse. Eiusmod magna laborum ut qui nisi occaecat pariatur aute.', 'https://via.placeholder.com/400/', 'https://via.placeholder.com/400/?text=ICON', '2020-10-10 02:55:18'),
(218, 4, 37.785888, -122.397091, 'Est dolore aliquip ex excepteur sint. Qui voluptate labore irure tempor in in esse sunt do occaecat. Officia Lorem aliquip mollit eiusmod do.', 'https://via.placeholder.com/400/', 'https://via.placeholder.com/400/?text=ICON', '2020-01-08 05:00:03'),
(219, 40, 37.729885, -122.477032, 'Voluptate ea cillum est ex cillum fugiat mollit ea ea dolor sunt. Aliqua nulla nisi sunt id fugiat amet labore enim non cupidatat eiusmod exercitation pariatur ipsum. Exercitation sunt ad nisi enim adipisicing excepteur laborum.', 'https://via.placeholder.com/400/', 'https://via.placeholder.com/400/?text=ICON', '2020-09-09 03:49:55'),
(220, 21, 37.730868, -122.359835, 'Non commodo irure quis sunt minim ullamco in proident excepteur aute. Adipisicing sint qui culpa deserunt veniam nulla ad irure. Ex sunt amet irure minim veniam minim laborum.', 'https://via.placeholder.com/400/', 'https://via.placeholder.com/400/?text=ICON', '2020-08-17 05:47:52'),
(221, 24, 37.733758, -122.493190, 'Sint sit cupidatat esse cillum enim quis. Fugiat cillum labore sint qui culpa ullamco. Esse dolore nostrud duis dolore ipsum labore Lorem amet nisi.', 'https://via.placeholder.com/400/', 'https://via.placeholder.com/400/?text=ICON', '2021-04-25 02:29:59'),
(222, 26, 37.742956, -122.398334, 'Elit aliquip occaecat velit Lorem ipsum duis sint exercitation non sit. Eu quis laborum tempor esse ipsum laborum mollit magna adipisicing aliqua incididunt proident dolor. Cillum nostrud officia nisi est sunt laboris ut duis qui.', 'https://via.placeholder.com/400/', 'https://via.placeholder.com/400/?text=ICON', '2020-10-19 01:50:31'),
(223, 50, 37.748324, -122.499897, 'Adipisicing cillum laboris occaecat commodo exercitation culpa. Proident minim dolor minim dolore ea qui laboris mollit irure. Sint labore nulla minim adipisicing deserunt amet cupidatat exercitation officia aute dolore irure.', 'https://via.placeholder.com/400/', 'https://via.placeholder.com/400/?text=ICON', '2020-04-29 03:30:37'),
(224, 26, 37.744377, -122.439192, 'Sunt Lorem velit deserunt sunt aliquip ut. Non et reprehenderit aliquip ullamco veniam duis eu nisi consequat voluptate culpa. Laboris exercitation non sint velit Lorem nostrud ad officia eu officia qui ea.', 'https://via.placeholder.com/400/', 'https://via.placeholder.com/400/?text=ICON', '2020-04-20 03:22:00'),
(225, 15, 37.747025, -122.433520, 'Duis fugiat duis incididunt nulla. Laborum enim adipisicing qui quis proident ipsum. Irure id deserunt excepteur veniam sit esse fugiat est eu est nulla.', 'https://via.placeholder.com/400/', 'https://via.placeholder.com/400/?text=ICON', '2020-08-18 09:19:49'),
(226, 17, 37.709597, -122.385667, 'Commodo mollit commodo minim ad sunt. Laborum ex reprehenderit irure cupidatat ad cupidatat officia Lorem pariatur incididunt Lorem proident sunt. Et exercitation consequat laborum enim.', 'https://via.placeholder.com/400/', 'https://via.placeholder.com/400/?text=ICON', '2021-09-09 03:01:38'),
(227, 20, 37.739342, -122.486785, 'Proident labore incididunt tempor exercitation dolore. Incididunt dolore sit proident fugiat ea ex minim cillum consequat elit esse incididunt ut tempor. Adipisicing qui laboris voluptate exercitation ad deserunt.', 'https://via.placeholder.com/400/', 'https://via.placeholder.com/400/?text=ICON', '2021-08-16 06:52:46'),
(228, 32, 37.726749, -122.394543, 'Adipisicing ullamco consectetur dolor reprehenderit ullamco et sit dolor aliqua id. Ut sit magna deserunt ullamco cupidatat ad ad consequat. Anim reprehenderit ea incididunt voluptate Lorem culpa sit ex ut enim.', 'https://via.placeholder.com/400/', 'https://via.placeholder.com/400/?text=ICON', '2021-03-23 02:17:28'),
(229, 20, 37.790649, -122.414130, 'Est sunt magna amet sunt nostrud dolor reprehenderit aliquip qui officia voluptate irure laboris. Dolore officia ullamco tempor ex ut eiusmod culpa magna aute. Ea duis laboris minim id do.', 'https://via.placeholder.com/400/', 'https://via.placeholder.com/400/?text=ICON', '2020-10-14 03:43:38'),
(230, 46, 37.746001, -122.464999, 'Culpa nostrud exercitation veniam amet. Nulla voluptate elit mollit eu sint proident aute dolore fugiat veniam labore. Ipsum voluptate proident adipisicing in nulla eiusmod aliquip culpa cupidatat non eiusmod duis.', 'https://via.placeholder.com/400/', 'https://via.placeholder.com/400/?text=ICON', '2021-01-19 04:12:51'),
(231, 46, 37.759009, -122.482560, 'Exercitation ad eu qui id ullamco consectetur cupidatat. Irure adipisicing proident mollit eiusmod labore sit eiusmod. Cupidatat anim non pariatur cupidatat nostrud occaecat.', 'https://via.placeholder.com/400/', 'https://via.placeholder.com/400/?text=ICON', '2020-11-22 04:35:30'),
(232, 23, 37.796936, -122.400907, 'Labore in ipsum id duis magna sint cillum officia culpa laboris sunt commodo elit. Laborum consectetur sunt eu officia sunt labore ut consequat non. Magna nostrud officia voluptate nisi enim.', 'https://via.placeholder.com/400/', 'https://via.placeholder.com/400/?text=ICON', '2020-02-26 11:38:36'),
(233, 7, 37.777768, -122.447704, 'Id reprehenderit anim consectetur aute eiusmod cillum tempor commodo commodo occaecat commodo nulla. Nulla consequat reprehenderit consectetur ad cupidatat cupidatat voluptate pariatur cupidatat ex ex eu quis magna. Nulla non in non do id tempor non est reprehenderit aliqua aute.', 'https://via.placeholder.com/400/', 'https://via.placeholder.com/400/?text=ICON', '2021-06-18 01:07:14'),
(234, 18, 37.722256, -122.370086, 'Est id cillum cupidatat est est eiusmod deserunt elit. Quis minim sint sunt velit do. Labore anim magna labore nisi esse.', 'https://via.placeholder.com/400/', 'https://via.placeholder.com/400/?text=ICON', '2020-12-05 06:21:02'),
(235, 43, 37.716415, -122.506908, 'Sit exercitation dolor ad amet ipsum fugiat non. Sint culpa minim aute cupidatat laboris laboris magna. Cupidatat in labore aute ipsum adipisicing esse proident nostrud.', 'https://via.placeholder.com/400/', 'https://via.placeholder.com/400/?text=ICON', '2021-03-25 04:41:52'),
(236, 28, 37.737663, -122.465992, 'Velit duis id laboris amet. Dolore nulla est Lorem aliquip exercitation. Non cupidatat culpa duis enim tempor irure aliqua.', 'https://via.placeholder.com/400/', 'https://via.placeholder.com/400/?text=ICON', '2020-11-12 03:58:38'),
(237, 41, 37.767329, -122.486974, 'Minim voluptate duis occaecat in tempor pariatur veniam culpa elit consequat tempor. Ipsum reprehenderit voluptate nulla fugiat. Consequat ipsum ad enim et esse non culpa sunt do occaecat.', 'https://via.placeholder.com/400/', 'https://via.placeholder.com/400/?text=ICON', '2021-08-04 12:53:33'),
(238, 21, 37.762299, -122.476302, 'Aliquip et veniam elit id. Aute qui do aute ad ullamco occaecat sint. Voluptate occaecat aliquip labore voluptate elit id adipisicing.', 'https://via.placeholder.com/400/', 'https://via.placeholder.com/400/?text=ICON', '2020-11-06 07:54:14'),
(239, 5, 37.753604, -122.468566, 'Et non sunt voluptate exercitation proident. Aliquip esse qui sit sit sint dolore consectetur. Mollit eiusmod exercitation quis duis mollit adipisicing labore esse ullamco.', 'https://via.placeholder.com/400/', 'https://via.placeholder.com/400/?text=ICON', '2020-11-09 02:52:32'),
(240, 31, 37.787928, -122.507727, 'Sint velit dolor incididunt aliquip ea aliquip labore amet excepteur culpa ea. Sit id proident irure sint consectetur cupidatat fugiat sit elit ipsum. Velit minim do tempor laboris ea irure enim.', 'https://via.placeholder.com/400/', 'https://via.placeholder.com/400/?text=ICON', '2021-02-08 09:43:39'),
(241, 43, 37.716225, -122.495385, 'Culpa incididunt dolor id sint laboris ut labore. Esse Lorem id est sunt. Esse esse nostrud excepteur id fugiat do aliqua aute labore est ad laboris occaecat.', 'https://via.placeholder.com/400/', 'https://via.placeholder.com/400/?text=ICON', '2021-08-19 04:25:00'),
(242, 33, 37.722861, -122.512747, 'Fugiat deserunt officia ea amet aliqua anim in minim. Cillum proident qui in elit sunt dolore tempor esse quis est dolore. Do Lorem labore incididunt ipsum.', 'https://via.placeholder.com/400/', 'https://via.placeholder.com/400/?text=ICON', '2020-02-10 06:44:36'),
(243, 29, 37.756234, -122.455411, 'Anim tempor sunt occaecat est nulla reprehenderit minim ex. Et ullamco consequat in deserunt ipsum exercitation consectetur excepteur fugiat ipsum. Do cupidatat excepteur labore sit est sit duis consequat.', 'https://via.placeholder.com/400/', 'https://via.placeholder.com/400/?text=ICON', '2021-01-25 04:07:58'),
(244, 29, 37.800563, -122.470478, 'Nostrud ex id et ad esse minim dolor enim consectetur laborum occaecat deserunt incididunt veniam. Consequat ipsum id eu excepteur duis fugiat duis sit aliquip excepteur deserunt consectetur. Amet officia pariatur Lorem voluptate aliquip fugiat est aliquip ut id.', 'https://via.placeholder.com/400/', 'https://via.placeholder.com/400/?text=ICON', '2020-01-25 04:48:02'),
(245, 31, 37.757171, -122.469086, 'Consequat tempor enim nostrud adipisicing deserunt enim laborum commodo ipsum aliqua commodo enim dolore culpa. Incididunt ipsum nisi ipsum et nostrud consequat id ut et consequat excepteur aliquip. Qui deserunt exercitation ullamco consectetur culpa id pariatur esse quis incididunt.', 'https://via.placeholder.com/400/', 'https://via.placeholder.com/400/?text=ICON', '2020-04-09 01:43:19'),
(246, 24, 37.743281, -122.488112, 'Tempor occaecat reprehenderit est occaecat enim nostrud duis non. Minim minim tempor esse deserunt proident qui do pariatur exercitation id dolore do ex. Cillum veniam aliquip non excepteur ea in fugiat eu aute.', 'https://via.placeholder.com/400/', 'https://via.placeholder.com/400/?text=ICON', '2020-11-14 10:21:55'),
(247, 25, 37.727023, -122.391925, 'Id velit cillum ipsum deserunt tempor minim sunt aliqua. Duis reprehenderit incididunt officia laborum commodo ipsum incididunt do. Esse adipisicing eiusmod aliqua proident dolor commodo aute quis magna sint.', 'https://via.placeholder.com/400/', 'https://via.placeholder.com/400/?text=ICON', '2021-03-01 09:46:22'),
(248, 16, 37.786439, -122.414263, 'Ullamco ut laboris aliqua occaecat voluptate culpa. Duis ad duis ex sunt deserunt cillum esse esse do pariatur aliqua Lorem. Aliqua labore aute aliqua in laborum reprehenderit nostrud.', 'https://via.placeholder.com/400/', 'https://via.placeholder.com/400/?text=ICON', '2020-04-01 02:56:49'),
(249, 22, 37.742272, -122.380678, 'Duis consequat ad deserunt Lorem dolore cupidatat adipisicing veniam elit dolor adipisicing sunt laborum id. Deserunt consequat enim incididunt cillum consequat ut aliqua ut. Laborum id elit ipsum veniam et exercitation cupidatat sint consequat minim.', 'https://via.placeholder.com/400/', 'https://via.placeholder.com/400/?text=ICON', '2020-12-13 11:10:06'),
(250, 12, 37.761005, -122.378030, 'Cupidatat anim magna dolore eiusmod duis dolor nulla. Incididunt anim voluptate excepteur incididunt voluptate. Ad consectetur in incididunt excepteur veniam aliqua eiusmod adipisicing commodo.', 'https://via.placeholder.com/400/', 'https://via.placeholder.com/400/?text=ICON', '2021-09-07 11:19:01');

-- --------------------------------------------------------

--
-- Table structure for table `track_users`
--

CREATE TABLE `track_users` (
  `id` int(13) NOT NULL,
  `name` varchar(3464) NOT NULL,
  `username` varchar(64) NOT NULL,
  `email` varchar(124) NOT NULL,
  `password` varchar(32) NOT NULL,
  `img` varchar(256) NOT NULL,
  `date_create` datetime NOT NULL
) ENGINE=InnoDB DEFAULT CHARSET=latin1;

--
-- Dumping data for table `track_users`
--

INSERT INTO `track_users` (`id`, `name`, `username`, `email`, `password`, `img`, `date_create`) VALUES
(1, 'Ballard Huber', 'user1', 'user1@gmail.com', '1a1dc91c907325c69271ddf0c944bc72', 'https://via.placeholder.com/400/731/fff/?text=user1', '2020-08-22 06:39:43'),
(2, 'Gordon Hinton', 'user2', 'user2@gmail.com', '1a1dc91c907325c69271ddf0c944bc72', 'https://via.placeholder.com/400/966/fff/?text=user2', '2021-02-24 04:14:01'),
(3, 'Bryan Conley', 'user3', 'user3@gmail.com', '1a1dc91c907325c69271ddf0c944bc72', 'https://via.placeholder.com/400/973/fff/?text=user3', '2020-05-19 01:38:17'),
(4, 'Dominique Wolf', 'user4', 'user4@gmail.com', '1a1dc91c907325c69271ddf0c944bc72', 'https://via.placeholder.com/400/721/fff/?text=user4', '2020-07-05 12:00:17'),
(5, 'Gallegos Thornton', 'user5', 'user5@gmail.com', '1a1dc91c907325c69271ddf0c944bc72', 'https://via.placeholder.com/400/856/fff/?text=user5', '2020-06-10 02:51:43'),
(6, 'Christine Willis', 'user6', 'user6@gmail.com', '1a1dc91c907325c69271ddf0c944bc72', 'https://via.placeholder.com/400/776/fff/?text=user6', '2020-03-20 09:19:23'),
(7, 'Chris Wood', 'user7', 'user7@gmail.com', '1a1dc91c907325c69271ddf0c944bc72', 'https://via.placeholder.com/400/845/fff/?text=user7', '2021-08-12 05:12:02'),
(8, 'King Smith', 'user8', 'user8@gmail.com', '1a1dc91c907325c69271ddf0c944bc72', 'https://via.placeholder.com/400/840/fff/?text=user8', '2020-11-26 09:36:23'),
(9, 'Williamson Riggs', 'user9', 'user9@gmail.com', '1a1dc91c907325c69271ddf0c944bc72', 'https://via.placeholder.com/400/851/fff/?text=user9', '2020-12-25 03:57:43'),
(10, 'Monique Moses', 'user10', 'user10@gmail.com', '1a1dc91c907325c69271ddf0c944bc72', 'https://via.placeholder.com/400/762/fff/?text=user10', '2021-10-13 03:53:42');

-- --------------------------------------------------------

--
-- Table structure for table `track_venues`
--

CREATE TABLE `track_venues` (
  `id` int(13) NOT NULL,
  `user_id` int(13) NOT NULL,
  `name` varchar(64) NOT NULL,
  `type` varchar(64) NOT NULL,
  `genre` varchar(64) NOT NULL,
  `phone` varchar(32) NOT NULL,
  `description` text NOT NULL,
  `img` varchar(256) NOT NULL,
  `date_create` datetime NOT NULL
) ENGINE=InnoDB DEFAULT CHARSET=latin1;

--
-- Dumping data for table `track_venues`
--

INSERT INTO `track_venues` (`id`, `user_id`, `name`, `type`, `genre`, `phone`, `description`, `img`, `date_create`) VALUES
(1, 6, 'Farmage', 'outdoor', 'festival', '+1 (964) 432-2605', 'Nulla exercitation fugiat cupidatat ad do nulla. Quis irure exercitation eiusmod fugiat nostrud do excepteur fugiat aute ut. Lorem dolor esse tempor eiusmod ex commodo ut voluptate et nostrud do fugiat minim. Aliquip exercitation commodo exercitation id ut eiusmod consequat ad. Aute ex proident duis sit non commodo ad labore ea consequat sunt veniam ad.\r\n\n', 'https://via.placeholder.com/400/759/fff/?text=undefined', '2021-06-16 10:38:01'),
(2, 1, 'Inventure', 'concert', 'rap', '+1 (836) 447-2884', 'Lorem quis dolor dolor dolore culpa occaecat deserunt in magna duis sit esse et ex. Do voluptate ullamco qui do officia velit culpa laboris culpa aliquip irure. Exercitation nostrud occaecat labore exercitation irure id do. Ullamco ipsum exercitation officia ullamco nulla exercitation cillum. Incididunt esse tempor irure nisi do pariatur id proident. Laborum magna qui laboris proident culpa.\r\n\n', 'https://via.placeholder.com/400/972/fff/?text=undefined', '2021-10-09 06:32:20'),
(3, 7, 'Cablam', 'club', 'edm', '+1 (952) 543-3955', 'Fugiat ad ea veniam sint eu anim consequat Lorem duis proident ea ea enim. Eu tempor aute sunt ad aliqua ea irure incididunt nostrud nisi occaecat irure. Laboris sunt elit ad consectetur. Dolor in ea Lorem consequat exercitation ea dolore commodo.\r\n\n', 'https://via.placeholder.com/400/921/fff/?text=undefined', '2021-01-08 06:51:33'),
(4, 6, 'Noralex', 'club', 'edm', '+1 (969) 432-2782', 'Qui occaecat proident ipsum do id non. Aute ipsum tempor fugiat est non aute duis officia nulla non. Labore minim velit culpa elit officia sunt eiusmod reprehenderit. Nisi fugiat occaecat duis labore velit ullamco voluptate labore Lorem esse et Lorem deserunt cillum. Excepteur cillum ex incididunt ex aliquip non qui fugiat pariatur irure aute cupidatat commodo. Mollit proident id aliqua tempor officia reprehenderit.\r\n\n', 'https://via.placeholder.com/400/942/fff/?text=undefined', '2021-01-25 01:40:52'),
(5, 4, 'Exiand', 'concert', 'alternative', '+1 (830) 457-3906', 'Et exercitation sunt aliqua cupidatat cupidatat voluptate veniam ad occaecat exercitation excepteur incididunt pariatur est. Lorem culpa anim pariatur nulla incididunt nostrud. Proident nulla nulla nisi eu velit culpa aute qui laborum laboris. Deserunt cupidatat labore reprehenderit sint laborum fugiat pariatur non nostrud. Officia veniam amet enim est in aliquip incididunt excepteur laborum fugiat in in. Dolore nostrud consequat nisi consectetur ad ut non exercitation excepteur amet ex. Dolore amet sunt commodo tempor qui labore excepteur excepteur.\r\n\n', 'https://via.placeholder.com/400/824/fff/?text=undefined', '2020-09-13 05:22:14'),
(6, 5, 'Zoxy', 'outdoor', 'country', '+1 (982) 578-3598', 'Aliqua Lorem pariatur incididunt minim aliqua laboris. Ullamco Lorem exercitation ad labore quis elit ullamco mollit est amet elit eu. Enim reprehenderit ea ea nostrud amet amet reprehenderit ad laboris incididunt id minim. Consectetur enim nostrud veniam anim duis.\r\n\n', 'https://via.placeholder.com/400/866/fff/?text=undefined', '2021-09-13 03:38:06'),
(7, 5, 'Zosis', 'concert', 'pop', '+1 (857) 419-2815', 'Enim labore adipisicing velit enim occaecat aliquip exercitation ipsum sunt dolore ut. Aliquip duis pariatur sit ad aute id fugiat nostrud. Aliquip id veniam minim exercitation exercitation incididunt voluptate sint consectetur culpa sint commodo sint voluptate. Quis velit veniam consectetur ad consectetur labore. Duis nulla officia aute nostrud in nostrud eu. Qui consectetur do laborum exercitation.\r\n\n', 'https://via.placeholder.com/400/895/fff/?text=undefined', '2020-11-21 06:17:54'),
(8, 7, 'Eternis', 'club', 'house', '+1 (977) 424-2029', 'Ut do adipisicing consequat anim exercitation ex sit officia sunt pariatur mollit veniam ut proident. Cillum labore consectetur sunt quis anim sit tempor velit. Sint sint nulla ullamco minim voluptate pariatur eu ex in minim tempor eu aute.\r\n\n', 'https://via.placeholder.com/400/947/fff/?text=undefined', '2020-01-18 07:35:06'),
(9, 10, 'Unisure', 'outdoor', 'country', '+1 (874) 569-3230', 'Veniam dolor dolore deserunt nostrud culpa officia Lorem est laboris. Laborum esse exercitation ullamco cupidatat eiusmod ipsum magna. Aute velit ut ipsum proident nulla fugiat eiusmod nisi pariatur minim proident irure. Fugiat nisi eu Lorem nisi ea. Voluptate quis voluptate incididunt anim elit minim. Culpa ipsum tempor aliqua ad sunt laborum consectetur velit incididunt magna occaecat cillum. Et consequat aute aute consequat dolor quis commodo.\r\n\n', 'https://via.placeholder.com/400/770/fff/?text=undefined', '2020-12-04 08:50:26'),
(10, 9, 'Zaphire', 'club', 'edm', '+1 (935) 471-2604', 'Sit fugiat fugiat dolore incididunt mollit. Laborum voluptate tempor do dolore et dolor. Cupidatat in cupidatat culpa sit ipsum eu id mollit do non amet irure ea deserunt.\r\n\n', 'https://via.placeholder.com/400/961/fff/?text=undefined', '2020-02-09 07:12:28'),
(11, 1, 'Pharmex', 'outdoor', 'country', '+1 (827) 488-3916', 'Dolor id irure deserunt et ut esse labore consectetur reprehenderit ullamco tempor. Consequat amet sunt tempor amet pariatur eu cupidatat consectetur mollit non. Tempor et ad aute cillum non officia excepteur reprehenderit pariatur minim duis ullamco.\r\n\n', 'https://via.placeholder.com/400/918/fff/?text=undefined', '2020-05-16 07:53:27'),
(12, 4, 'Ginkogene', 'outdoor', 'country', '+1 (823) 548-2384', 'Et eiusmod exercitation ipsum do. Est in dolor cupidatat est commodo. Irure consectetur veniam amet labore velit amet culpa mollit officia culpa aliqua est aute.\r\n\n', 'https://via.placeholder.com/400/757/fff/?text=undefined', '2020-08-08 09:15:28'),
(13, 2, 'Uncorp', 'concert', 'rap', '+1 (896) 510-2108', 'In nisi deserunt ullamco consequat ullamco cillum do culpa. Excepteur ullamco quis ea eiusmod veniam deserunt deserunt ad consequat enim eiusmod adipisicing. Adipisicing dolor amet aliquip nulla labore sunt laboris aliqua fugiat. Et consectetur reprehenderit anim qui.\r\n\n', 'https://via.placeholder.com/400/849/fff/?text=undefined', '2021-05-22 04:34:01'),
(14, 1, 'Emoltra', 'concert', 'rock', '+1 (851) 525-2161', 'Nulla deserunt magna nulla adipisicing ex et adipisicing occaecat. Quis magna excepteur eu proident dolor anim amet sint elit adipisicing voluptate laboris. Minim commodo est aliquip reprehenderit tempor proident id. Veniam id minim sit laboris fugiat sit velit proident ad proident laborum commodo culpa.\r\n\n', 'https://via.placeholder.com/400/748/fff/?text=undefined', '2020-09-24 09:57:03'),
(15, 3, 'Combot', 'concert', 'alternative', '+1 (919) 460-3552', 'Reprehenderit mollit reprehenderit adipisicing labore eiusmod labore excepteur enim commodo. Dolore veniam veniam velit Lorem do consequat Lorem magna velit consectetur esse. Do veniam fugiat voluptate esse sit ad labore incididunt mollit velit ea occaecat. Proident consequat non sint dolore quis qui. Eu anim anim esse ullamco voluptate consectetur nisi incididunt dolore. Adipisicing est eiusmod laborum ullamco laborum. Aliqua dolore nulla anim sint sit do proident eiusmod dolore labore elit.\r\n\n', 'https://via.placeholder.com/400/730/fff/?text=undefined', '2021-09-03 03:38:22'),
(16, 3, 'Twiggery', 'outdoor', 'country', '+1 (986) 544-3826', 'Ea dolor nulla id ullamco adipisicing dolor deserunt quis sunt excepteur ullamco qui proident tempor. Voluptate labore labore et culpa fugiat ea nisi. Pariatur et sunt esse ut culpa anim ullamco ut commodo aliquip. Mollit ut non dolor laboris aute. Elit commodo nostrud nostrud enim ad duis qui cillum.\r\n\n', 'https://via.placeholder.com/400/808/fff/?text=undefined', '2021-10-18 12:19:00'),
(17, 7, 'Darwinium', 'club', 'edm', '+1 (838) 585-3638', 'Quis veniam aute nostrud fugiat. Reprehenderit non eiusmod reprehenderit laboris aliquip nisi proident consectetur consequat dolore. Proident excepteur fugiat aliqua cupidatat voluptate magna irure eu do sit incididunt dolore id in. Incididunt sit in adipisicing Lorem eiusmod incididunt ex non excepteur cupidatat laboris quis. Excepteur ipsum nisi do aliqua est enim.\r\n\n', 'https://via.placeholder.com/400/829/fff/?text=undefined', '2021-03-10 04:25:02'),
(18, 5, 'Imant', 'concert', 'pop', '+1 (955) 575-2710', 'Et duis nostrud magna laborum ex incididunt ad Lorem fugiat mollit. Ad esse aliquip occaecat ea sit sit ex do aliqua veniam in laboris elit. Laboris nisi ut veniam commodo sit pariatur labore quis sit adipisicing. Cillum excepteur excepteur aliqua nostrud laboris voluptate magna enim culpa. Adipisicing consequat sunt incididunt amet nostrud mollit ad voluptate aliquip commodo non.\r\n\n', 'https://via.placeholder.com/400/967/fff/?text=undefined', '2020-05-31 05:18:35'),
(19, 6, 'Locazone', 'club', 'house', '+1 (852) 480-3725', 'Tempor elit exercitation non nisi laboris amet cillum ad laboris mollit. Veniam cillum magna nulla deserunt dolor mollit consectetur ex enim nostrud mollit veniam. Laboris laboris amet non id cillum consectetur laboris enim.\r\n\n', 'https://via.placeholder.com/400/935/fff/?text=undefined', '2021-03-17 10:09:55'),
(20, 3, 'Bovis', 'concert', 'rock', '+1 (908) 483-2723', 'Nulla et labore nisi laborum esse. Minim exercitation eiusmod officia ipsum occaecat cupidatat cillum. Proident sit laboris mollit voluptate laborum dolore proident. Ullamco pariatur reprehenderit magna deserunt est fugiat id duis ipsum cillum veniam laborum veniam. Excepteur culpa minim nostrud esse veniam velit laborum enim adipisicing est deserunt id.\r\n\n', 'https://via.placeholder.com/400/921/fff/?text=undefined', '2021-09-30 01:48:47'),
(21, 3, 'Isoplex', 'outdoor', 'country', '+1 (830) 509-2114', 'Adipisicing ullamco dolore sit esse consequat magna. Cillum id laborum sunt esse incididunt ea do minim fugiat magna commodo culpa. Sint enim officia tempor culpa id dolore reprehenderit ut deserunt veniam eiusmod voluptate est nostrud. Quis pariatur nisi duis dolore non ea laboris est elit proident reprehenderit sint.\r\n\n', 'https://via.placeholder.com/400/706/fff/?text=undefined', '2021-06-05 12:12:00'),
(22, 3, 'Bizmatic', 'outdoor', 'country', '+1 (909) 414-3939', 'Veniam amet dolore mollit est id esse irure tempor est commodo pariatur et. Eiusmod irure eiusmod ad qui duis excepteur adipisicing veniam. Tempor enim commodo cillum ex elit mollit dolor dolor in. Quis exercitation magna est adipisicing sunt deserunt sint laborum ea ipsum Lorem aliquip. Esse in ut laboris proident non officia ut ad.\r\n\n', 'https://via.placeholder.com/400/723/fff/?text=undefined', '2020-11-08 06:01:22'),
(23, 5, 'Exoteric', 'concert', 'pop', '+1 (863) 436-3537', 'Lorem reprehenderit qui mollit pariatur irure enim consectetur nisi labore. Minim ea eiusmod mollit magna do proident magna fugiat magna nulla aliquip amet. Qui aliqua adipisicing exercitation dolor consectetur cupidatat enim ullamco ut. Culpa tempor cupidatat proident dolor enim do et sint in ut incididunt occaecat.\r\n\n', 'https://via.placeholder.com/400/951/fff/?text=undefined', '2021-07-15 06:17:13'),
(24, 8, 'Plasmosis', 'concert', 'alternative', '+1 (806) 554-3400', 'Consectetur nostrud cupidatat eu amet dolor non mollit nulla. Laboris tempor qui aliquip commodo velit adipisicing in laborum. Est reprehenderit nisi sint consequat.\r\n\n', 'https://via.placeholder.com/400/965/fff/?text=undefined', '2020-09-17 10:59:06'),
(25, 1, 'Limage', 'outdoor', 'festival', '+1 (908) 586-3075', 'Nostrud ullamco velit labore eu do proident nulla ad nulla adipisicing est. Enim exercitation aliquip ullamco sint. Velit ad cillum deserunt pariatur voluptate pariatur qui sit.\r\n\n', 'https://via.placeholder.com/400/757/fff/?text=undefined', '2020-08-04 02:49:12'),
(26, 9, 'Organica', 'club', 'house', '+1 (864) 544-2393', 'Quis cillum occaecat esse occaecat exercitation culpa commodo aute proident anim amet cillum consectetur. Fugiat ad ullamco incididunt sit et dolor ut incididunt duis labore consequat. Occaecat elit veniam quis duis ad cillum veniam. Voluptate nulla exercitation aliquip ipsum sunt laboris ullamco sunt do reprehenderit id excepteur.\r\n\n', 'https://via.placeholder.com/400/979/fff/?text=undefined', '2020-10-01 04:25:40'),
(27, 9, 'Typhonica', 'outdoor', 'country', '+1 (944) 400-3852', 'Culpa proident proident tempor occaecat ex eiusmod laborum do. Labore mollit esse eiusmod proident adipisicing nostrud Lorem. Fugiat aute minim non ullamco incididunt culpa officia.\r\n\n', 'https://via.placeholder.com/400/764/fff/?text=undefined', '2021-08-10 10:49:42'),
(28, 1, 'Golistic', 'concert', 'pop', '+1 (932) 465-3407', 'Exercitation voluptate culpa in ad voluptate esse ad ipsum minim ex irure voluptate. Velit aliquip Lorem commodo pariatur. Et ipsum aute ullamco proident tempor nisi amet occaecat ex labore labore voluptate quis. Laboris ad nisi non et ea labore veniam ut et. Laboris consectetur sunt culpa laborum elit anim mollit do ex. Lorem occaecat velit qui excepteur non dolor amet incididunt laboris magna. Est Lorem commodo qui laborum esse enim exercitation nostrud velit elit laboris.\r\n\n', 'https://via.placeholder.com/400/905/fff/?text=undefined', '2021-05-24 01:10:25'),
(29, 10, 'Miracula', 'concert', 'alternative', '+1 (937) 580-2716', 'Pariatur irure laborum nostrud sit consectetur ex eiusmod. Veniam deserunt cupidatat mollit officia aliquip fugiat ex do esse pariatur culpa non. Eu magna in ut dolore enim magna proident nulla dolor. Occaecat aliqua minim veniam pariatur deserunt amet do enim. Nostrud commodo eiusmod ea aliqua. Culpa labore proident ullamco exercitation amet. Aute labore culpa labore sunt deserunt consequat occaecat deserunt id veniam.\r\n\n', 'https://via.placeholder.com/400/729/fff/?text=undefined', '2021-03-17 11:04:22'),
(30, 1, 'Twiist', 'concert', 'alternative', '+1 (847) 458-2280', 'Amet duis laboris reprehenderit pariatur. Anim adipisicing aute elit nulla in deserunt excepteur. Magna officia sint ea esse. Ipsum est ea laborum qui exercitation duis cupidatat cupidatat labore consequat consequat incididunt sunt. Quis proident irure qui et id in pariatur sunt laborum aute duis reprehenderit labore.\r\n\n', 'https://via.placeholder.com/400/935/fff/?text=undefined', '2020-07-27 06:08:45'),
(31, 5, 'Puria', 'club', 'techno', '+1 (982) 537-2013', 'Minim consequat occaecat consectetur dolore eu fugiat. Esse est sit magna sint sunt in et sit cillum Lorem. Aliqua sunt excepteur qui velit irure consequat dolor ullamco eu. Esse sint veniam laboris esse laborum est veniam qui. Occaecat cillum eiusmod pariatur amet exercitation irure qui ex esse. Est ut amet quis excepteur reprehenderit voluptate deserunt esse ipsum Lorem laborum.\r\n\n', 'https://via.placeholder.com/400/810/fff/?text=undefined', '2020-02-17 10:55:03'),
(32, 1, 'Housedown', 'concert', 'alternative', '+1 (801) 561-2069', 'Magna officia mollit irure ea. Amet deserunt deserunt esse ipsum voluptate. Tempor incididunt pariatur quis Lorem aute nostrud aliquip ea amet Lorem labore cupidatat ad. Consectetur pariatur reprehenderit nisi tempor pariatur et reprehenderit non occaecat irure anim deserunt. Mollit dolor sunt excepteur minim et eiusmod elit dolore sint Lorem enim. Consectetur ea nostrud ad est aliquip pariatur. Amet voluptate amet ex do nulla nulla nostrud deserunt.\r\n\n', 'https://via.placeholder.com/400/830/fff/?text=undefined', '2020-03-23 05:17:23'),
(33, 1, 'Iplax', 'outdoor', 'festival', '+1 (901) 443-2255', 'In adipisicing elit id aute incididunt Lorem in fugiat velit quis sint labore Lorem. Sit officia Lorem exercitation consequat sit mollit irure nulla. Id pariatur dolore officia culpa cupidatat cupidatat do ad. Velit duis labore aute ad labore amet sint esse laboris ex nisi culpa esse. Ex ipsum voluptate eu irure eiusmod id voluptate do ullamco velit anim. Minim quis ad occaecat laboris fugiat fugiat. Minim id dolor proident proident eiusmod deserunt ipsum eu do tempor.\r\n\n', 'https://via.placeholder.com/400/994/fff/?text=undefined', '2020-09-28 09:26:57'),
(34, 6, 'Artworlds', 'club', 'edm', '+1 (995) 463-3341', 'Deserunt ex eu commodo do. Nostrud exercitation Lorem officia aute proident sint in in minim amet id aliquip eu quis. Excepteur voluptate aute sint ad est commodo velit velit mollit elit laborum labore pariatur.\r\n\n', 'https://via.placeholder.com/400/725/fff/?text=undefined', '2021-05-24 08:02:25'),
(35, 3, 'Tellifly', 'concert', 'alternative', '+1 (973) 481-2615', 'Sint in ex id elit exercitation esse ad duis est. Adipisicing anim culpa tempor sunt adipisicing dolor proident est mollit enim adipisicing ut quis. Elit id aliqua sunt velit duis ea sint ut non est.\r\n\n', 'https://via.placeholder.com/400/791/fff/?text=undefined', '2020-07-28 01:10:39'),
(36, 8, 'Paragonia', 'club', 'edm', '+1 (887) 593-2036', 'Consequat quis consectetur enim Lorem cillum. Adipisicing nulla duis culpa irure velit ut qui duis laborum culpa ex laboris commodo. Dolor in consectetur ex eiusmod officia pariatur magna nulla ipsum eiusmod. Sunt pariatur eu adipisicing cillum. Reprehenderit sint anim commodo labore enim cupidatat voluptate anim mollit ea aute non tempor velit.\r\n\n', 'https://via.placeholder.com/400/952/fff/?text=undefined', '2020-07-01 09:14:04'),
(37, 3, 'Barkarama', 'club', 'edm', '+1 (999) 573-3267', 'Aute minim eu reprehenderit fugiat. Officia dolor ut incididunt voluptate. Incididunt enim do id tempor nulla esse qui officia sunt voluptate. Mollit eu qui ipsum quis officia sunt. Nisi culpa labore anim aute sunt tempor sunt. Fugiat consectetur nisi non officia veniam ad cupidatat elit tempor occaecat.\r\n\n', 'https://via.placeholder.com/400/738/fff/?text=undefined', '2020-10-08 06:45:34'),
(38, 7, 'Melbacor', 'concert', 'alternative', '+1 (966) 502-3631', 'Ex do quis voluptate enim aliquip excepteur Lorem labore. Amet culpa qui qui est est proident sint aliqua. Dolor eu irure aute sit excepteur laborum non enim fugiat eiusmod adipisicing cupidatat.\r\n\n', 'https://via.placeholder.com/400/908/fff/?text=undefined', '2020-05-19 11:54:25'),
(39, 1, 'Portaline', 'outdoor', 'country', '+1 (807) 423-3799', 'Lorem sit qui cupidatat do ex amet reprehenderit nisi deserunt ad. Consequat irure quis culpa non Lorem eiusmod incididunt qui. Consequat duis est fugiat magna Lorem culpa incididunt reprehenderit consequat.\r\n\n', 'https://via.placeholder.com/400/723/fff/?text=undefined', '2020-01-19 03:10:21'),
(40, 2, 'Pholio', 'outdoor', 'festival', '+1 (906) 535-2637', 'Reprehenderit mollit exercitation sint nostrud non tempor culpa consectetur officia aliquip tempor mollit officia ullamco. Excepteur voluptate laboris amet occaecat nisi. Deserunt occaecat aute incididunt elit elit cillum qui ea est deserunt sint ipsum. Incididunt est esse elit ad. Veniam pariatur proident fugiat est aliqua sit occaecat nostrud. In laboris non ut dolore deserunt commodo quis non occaecat dolore exercitation do laborum.\r\n\n', 'https://via.placeholder.com/400/761/fff/?text=undefined', '2021-01-17 11:58:32'),
(41, 10, 'Netur', 'concert', 'alternative', '+1 (894) 454-2016', 'Aliqua aliquip labore anim elit est aliquip duis. Amet exercitation dolore aliquip in do qui cupidatat in sit. Do amet cillum velit amet aliquip sit culpa Lorem elit. Esse officia adipisicing adipisicing pariatur culpa dolor in id consectetur laborum id.\r\n\n', 'https://via.placeholder.com/400/911/fff/?text=undefined', '2020-12-21 12:04:07'),
(42, 9, 'Netbook', 'concert', 'rock', '+1 (984) 484-2766', 'Laboris adipisicing mollit velit qui est aliqua dolor do. Excepteur proident proident ex esse in fugiat cupidatat deserunt. Anim aute quis exercitation nulla nisi proident cupidatat. Dolore excepteur magna ipsum nostrud reprehenderit id.\r\n\n', 'https://via.placeholder.com/400/860/fff/?text=undefined', '2020-04-26 10:35:41'),
(43, 4, 'Talkalot', 'outdoor', 'festival', '+1 (924) 538-3083', 'Velit sunt cupidatat sit cupidatat do ullamco in et exercitation nisi sit. Culpa officia est Lorem laborum voluptate do labore in consectetur esse. Id laborum nulla est proident proident ad ea laboris quis nulla nisi qui.\r\n\n', 'https://via.placeholder.com/400/988/fff/?text=undefined', '2020-11-06 07:17:42'),
(44, 4, 'Zipak', 'club', 'edm', '+1 (884) 490-3933', 'Mollit ipsum elit ex aliquip pariatur qui in dolore. Ex sit minim culpa anim velit Lorem ut laboris. Consequat aliqua ad aliquip dolor sit voluptate Lorem exercitation tempor sint eiusmod esse nostrud nostrud. Deserunt deserunt ut duis fugiat nostrud dolore incididunt. Eiusmod deserunt irure commodo nulla. Veniam laboris laborum Lorem esse.\r\n\n', 'https://via.placeholder.com/400/709/fff/?text=undefined', '2021-02-05 06:17:38'),
(45, 10, 'Koogle', 'club', 'house', '+1 (827) 441-3194', 'Mollit est nostrud ea aliquip sunt qui ipsum adipisicing non deserunt id excepteur sint laboris. Lorem culpa est do ad nostrud exercitation aute aliquip aliquip qui. Proident voluptate exercitation minim sunt pariatur voluptate sint.\r\n\n', 'https://via.placeholder.com/400/967/fff/?text=undefined', '2021-03-30 06:48:04'),
(46, 9, 'Ramjob', 'concert', 'rock', '+1 (824) 507-3895', 'Cupidatat consectetur est duis labore exercitation velit consectetur esse reprehenderit in. Id deserunt ad eiusmod id culpa consectetur eu sit. Elit esse velit nisi sunt laborum nulla irure ad enim enim.\r\n\n', 'https://via.placeholder.com/400/935/fff/?text=undefined', '2021-07-01 03:52:36'),
(47, 1, 'Comvoy', 'concert', 'pop', '+1 (862) 462-3472', 'Aliquip mollit laborum sint ea minim. Est dolore sit deserunt commodo do. Lorem esse duis enim pariatur reprehenderit ex esse amet in amet. Irure ea qui aliqua ad officia culpa nostrud officia duis pariatur consequat. Tempor minim irure eu voluptate proident non voluptate consequat pariatur culpa pariatur veniam labore exercitation.\r\n\n', 'https://via.placeholder.com/400/709/fff/?text=undefined', '2020-07-28 06:33:45'),
(48, 7, 'Buzzmaker', 'outdoor', 'festival', '+1 (804) 439-3841', 'In labore proident culpa sit. Do elit in ullamco commodo aliqua elit Lorem occaecat aliqua. Est in officia eu dolore deserunt amet et eu. Pariatur amet minim duis id tempor. Fugiat occaecat irure esse veniam voluptate fugiat. Tempor irure tempor et cillum commodo ea est sint aute. Reprehenderit ut ad dolore enim elit reprehenderit aliqua sunt.\r\n\n', 'https://via.placeholder.com/400/888/fff/?text=undefined', '2020-08-10 11:51:54'),
(49, 8, 'Marqet', 'concert', 'alternative', '+1 (891) 587-3376', 'Ex ex exercitation sit veniam sunt irure sunt eiusmod quis. Incididunt pariatur excepteur qui ex. Commodo esse elit irure pariatur aute deserunt voluptate. Pariatur pariatur magna minim ea. Minim consectetur eiusmod sit irure fugiat voluptate culpa.\r\n\n', 'https://via.placeholder.com/400/792/fff/?text=undefined', '2020-08-31 08:24:46'),
(50, 2, 'Buzzopia', 'concert', 'alternative', '+1 (929) 547-3253', 'Mollit nulla dolore dolore culpa adipisicing aute ipsum. Elit voluptate aute duis eu quis reprehenderit reprehenderit veniam cillum aliqua id exercitation irure incididunt. Ut officia enim excepteur est ullamco ex exercitation id non Lorem Lorem.\r\n\n', 'https://via.placeholder.com/400/920/fff/?text=undefined', '2021-04-03 07:56:28');

--
-- Indexes for dumped tables
--

--
-- Indexes for table `track_locations`
--
ALTER TABLE `track_locations`
  ADD PRIMARY KEY (`id`);

--
-- Indexes for table `track_users`
--
ALTER TABLE `track_users`
  ADD PRIMARY KEY (`id`);

--
-- Indexes for table `track_venues`
--
ALTER TABLE `track_venues`
  ADD PRIMARY KEY (`id`);

--
-- AUTO_INCREMENT for dumped tables
--

--
-- AUTO_INCREMENT for table `track_locations`
--
ALTER TABLE `track_locations`
  MODIFY `id` int(13) NOT NULL AUTO_INCREMENT, AUTO_INCREMENT=251;

--
-- AUTO_INCREMENT for table `track_users`
--
ALTER TABLE `track_users`
  MODIFY `id` int(13) NOT NULL AUTO_INCREMENT, AUTO_INCREMENT=11;

--
-- AUTO_INCREMENT for table `track_venues`
--
ALTER TABLE `track_venues`
  MODIFY `id` int(13) NOT NULL AUTO_INCREMENT, AUTO_INCREMENT=51;
COMMIT;

/*!40101 SET CHARACTER_SET_CLIENT=@OLD_CHARACTER_SET_CLIENT */;
/*!40101 SET CHARACTER_SET_RESULTS=@OLD_CHARACTER_SET_RESULTS */;
/*!40101 SET COLLATION_CONNECTION=@OLD_COLLATION_CONNECTION */;
