-- phpMyAdmin SQL Dump
-- version 4.9.5
-- https://www.phpmyadmin.net/
--
-- Host: localhost:3306
-- Generation Time: Dec 04, 2021 at 09:37 PM
-- Server version: 5.6.51-cll-lve
-- PHP Version: 7.3.27

SET SQL_MODE = "NO_AUTO_VALUE_ON_ZERO";
SET AUTOCOMMIT = 0;
START TRANSACTION;
SET time_zone = "+00:00";


/*!40101 SET @OLD_CHARACTER_SET_CLIENT=@@CHARACTER_SET_CLIENT */;
/*!40101 SET @OLD_CHARACTER_SET_RESULTS=@@CHARACTER_SET_RESULTS */;
/*!40101 SET @OLD_COLLATION_CONNECTION=@@COLLATION_CONNECTION */;
/*!40101 SET NAMES utf8mb4 */;

--
-- Database: `innerbloom_products_database`
--

-- --------------------------------------------------------

--
-- Table structure for table `products`
--

CREATE TABLE `products` (
  `id` int(11) NOT NULL,
  `brand_name` varchar(32) NOT NULL,
  `name` varchar(64) NOT NULL,
  `price` decimal(10,2) NOT NULL,
  `quantity` int(10) NOT NULL,
  `category` varchar(32) NOT NULL,
  `description` text NOT NULL,
  `thumbnail` varchar(128) NOT NULL,
  `images` varchar(256) NOT NULL,
  `date_create` datetime NOT NULL,
  `date_modify` datetime NOT NULL,
  `skin_type` varchar(64) NOT NULL,
  `url` varchar(256) NOT NULL
) ENGINE=MyISAM DEFAULT CHARSET=latin1;

--
-- Dumping data for table `products`
--

INSERT INTO `products` (`id`, `brand_name`, `name`, `price`, `quantity`, `category`, `description`, `thumbnail`, `images`, `date_create`, `date_modify`, `skin_type`, `url`) VALUES
(1, 'Drunk Elephant', 'Protini Polypeptide Moisturizer', 68.00, 100, 'moisturizer', 'A protein moisturizer that combines signal peptides, growth factors, amino acids, and pygmy waterlily to visibly improve skin‘s tone, texture, and firmness.', 'img/protini_thumb.jpeg', 'img/protini_1.jpeg', '2021-04-18 15:39:28', '2021-04-18 15:39:28', 'Normal, Dry, Combination, and Oily', ''),
(2, 'Drunk Elephant', 'Lala Retro™ Whipped Moisturizer', 60.00, 100, 'moisturizer', 'A rescue cream infused with six African oils and a plant ceramide complex for intense moisture and replenishing barrier support.', 'img/lalaretro_thumb.jpeg', 'img/lalaretro_1.jpeg', '2021-04-18 15:49:41', '2021-04-18 15:49:41', 'Normal, Dry, Combination, and Oily', ''),
(3, 'Lancôme', 'Re-Hydrating Comforting Toner', 35.00, 100, 'toner', 'A soothing and moisturizing toner that gently cleanses and hydrates dry skin for a smooth, glowing appearance.', 'img/lancome_toner_thumb.jpeg', 'img/lancome_toner_1.jpeg, img/lancome_toner_2.jpeg', '2021-04-18 16:02:34', '2021-04-18 16:02:34', 'Normal, Dry, Combination, and Oily', ''),
(4, 'OLEHENRIKSEN', 'Truth Serum®', 50.00, 100, 'serum', 'A powerful anti-aging serum formulated with vitamin C and collagen for brightening and all-day hydration.', 'img/truthserum_thumb.jpeg', 'img/truthserum_1.jpeg', '2021-04-18 16:09:40', '2021-04-18 16:09:40', 'Normal, Dry, Combination, and Oily', ''),
(5, 'OLEHENRIKSEN', 'Banana Bright Eye Crème', 39.00, 100, 'eye_cream', 'A brightening, vitamin C-rich eye crème that targets signs of aging, reducing the look of dark circles while improving concealer application and wear—inspired by makeup artist secret, banana powder.', 'img/bananabright_thumb.jpeg', 'img/bananabright_1.jpeg,\r\nimg/bananabright_2.jpeg', '2021-04-18 16:12:43', '2021-04-18 16:12:43', 'Normal, Oily, Combination, Dry, Sensitive', ''),
(6, 'Clarins', 'Natural Lip Perfector', 26.00, 100, 'lip_balm', 'Smoothes, softens and visibly plumps with Acacia micro-pearls and vegetable waxes to smooth, and soothes the senses with a delicate scent of vanilla. ', 'img/clarinslipperfefctor_thumb.jpeg', 'img/clarinslipperfefctor_1.jpeg', '2021-04-18 16:19:05', '2021-04-18 16:19:05', 'Dry', ''),
(7, 'Sol de Janeiro', 'Brazilian Bum Bum Cream', 45.00, 100, 'body_cream', 'A fast-absorbing body cream with an addictive scent and a visibly tightening, smoothing formula that adds a hint of shimmer to skin.', 'img/bumbumcream_thumb.jpeg', 'img/bumbumcream_1.jpeg,\r\nimg/bumbumcream_2.jpeg, img/bumbumcream_3.jpeg,', '2021-04-18 16:23:02', '2021-04-18 16:23:02', 'All', ''),
(8, 'Sol de Janeiro', 'Bom Dia Bright™ Body Cream', 45.00, 100, 'body_cream', 'A retexturizing and nourishing daily body cream with Fruit AHAs and Vitamin C that reveals visibly brighter, smoother skin.', 'img/bomdia_thumb.jpeg', 'img/bomdia_1.jpeg,\r\nimg/bomdia_2.jpeg', '2021-04-18 16:26:01', '2021-04-18 16:26:01', 'All', ''),
(9, 'Kiehl\'s', 'Turmeric & Cranberry Seed Mask', 45.00, 100, 'face_mask', 'An energizing radiance mask that helps visibly brighten dull, fatigued skin.', 'img/kiehls_cranberry_mask_thumb.jpeg', 'img/kiehls_cranberry_mask_1.jpeg', '2021-04-18 16:30:36', '2021-04-18 16:30:36', 'Normal, Combination, and Oily', ''),
(10, 'SUNDAY RILEY', 'C.E.O Glow Face Oil', 80.00, 100, 'lightweight_oil', 'An instantly absorbing face oil infused with advanced vitamin C (THD ascorbate), turmeric, and evening primrose oil, to brighten, hydrate, and leave skin glowing.', 'img/sundayriley_ceoglow_thumb.jpeg', 'img/sundayriley_ceoglow_1.jpeg,\r\nimg/sundayriley_ceoglow_2.jpeg,\r\nimg/sundayriley_ceoglow_3.jpeg', '2021-04-18 16:35:23', '2021-04-18 16:35:23', 'Normal, Dry, and Combination', ''),
(11, 'SUNDAY RILEY', 'Luna Retinol Sleeping Night Oil', 55.00, 100, 'lightweight_oil', 'A gentle, glow-giving retinoid night oil—perfect for new and experienced retinol users—that is balanced with blue tansy to calm skin while improving the look of wrinkles, redness, and pores.', 'img/sundayriley_luna_thumb.jpeg', 'img/sundayriley_luna_1.jpeg,\r\nimg/sundayriley_luna_2.jpeg, \r\nimg/sundayriley_luna_3.jpeg', '2021-04-18 16:38:23', '2021-04-18 16:38:23', 'Normal, Dry, Combination, and Oily', ''),
(12, 'Glow Recipe', 'Avocado Ceramide Redness Relief Serum', 85.00, 100, 'serum', 'A lactic-acid, AHA serum that targets the look of pores, hyperpigmentation, and dark spots and is clinically shown to reduce the look of fine lines and wrinkles.', 'img/avocado_serum_thumb.jpeg', 'img/avocado_serum_1.jpeg', '2021-04-18 16:41:33', '2021-04-18 16:41:33', 'Normal, Dry, Combination, and Oily', ''),
(13, 'Drunk Elephant', 'T.L.C. Sukari Babyfacial™ Mask', 80.00, 100, 'face_mask', 'A pro-quality AHA/BHA \"facial\" that resurfaces skin to visibly reveal greater clarity, improved skin texture and tone, and a more youthful-looking appearance.', 'img/drunkelephant_babyfacial_thumb.jpeg', 'img/drunkelephant_babyfacial_1.jpeg,\r\nimg/drunkelephant_babyfacial_2.jpeg', '2021-04-18 16:44:27', '2021-04-18 16:44:27', 'Normal, Dry, Combination, and Oily', '');

-- --------------------------------------------------------

--
-- Table structure for table `track_locations`
--

CREATE TABLE `track_locations` (
  `id` int(13) NOT NULL,
  `venue_id` int(13) NOT NULL,
  `lat` decimal(8,6) NOT NULL,
  `lng` decimal(9,6) NOT NULL,
  `description` text NOT NULL,
  `photo` varchar(256) NOT NULL,
  `icon` varchar(256) NOT NULL,
  `date_create` datetime NOT NULL
) ENGINE=InnoDB DEFAULT CHARSET=latin1;

--
-- Dumping data for table `track_locations`
--

INSERT INTO `track_locations` (`id`, `venue_id`, `lat`, `lng`, `description`, `photo`, `icon`, `date_create`) VALUES
(1, 12, 37.721376, -122.461475, 'Do eu eu voluptate anim ullamco cupidatat cillum veniam id excepteur nisi reprehenderit laborum ipsum. Id excepteur sunt anim eiusmod excepteur voluptate culpa. Exercitation irure amet ex ut tempor aliqua.', 'https://via.placeholder.com/400/', 'https://via.placeholder.com/400/?text=ICON', '2021-11-17 02:39:33'),
(2, 47, 37.752309, -122.448815, 'Id Lorem dolor ad ad voluptate. Qui nulla laborum nisi eu aliquip Lorem amet et eu proident non proident aute occaecat. Velit ex ipsum irure ullamco eu voluptate minim minim dolore fugiat officia.', 'https://via.placeholder.com/400/', 'https://via.placeholder.com/400/?text=ICON', '2021-11-01 11:53:20'),
(3, 29, 37.780046, -122.433448, 'Culpa enim veniam sunt laborum dolor excepteur commodo Lorem mollit qui irure nulla. Pariatur nisi occaecat fugiat Lorem do dolor. Aute consequat occaecat irure tempor irure duis nulla cillum.', 'https://via.placeholder.com/400/', 'https://via.placeholder.com/400/?text=ICON', '2020-08-29 09:14:46'),
(4, 24, 37.791809, -122.385656, 'Aliquip non sit aliquip sunt officia quis aliquip magna proident eiusmod minim velit. Quis ex eu ut nisi Lorem magna irure ullamco sunt est ea. Cillum proident sit fugiat adipisicing excepteur nisi ea.', 'https://via.placeholder.com/400/', 'https://via.placeholder.com/400/?text=ICON', '2020-11-01 01:35:04'),
(5, 41, 37.739079, -122.375186, 'Cillum id mollit aute consectetur. Sit ad commodo cupidatat irure occaecat magna ea. Anim proident excepteur nulla aliqua occaecat cillum tempor aliquip.', 'https://via.placeholder.com/400/', 'https://via.placeholder.com/400/?text=ICON', '2020-06-29 03:49:20'),
(6, 16, 37.724819, -122.460279, 'Nulla aliqua adipisicing commodo aliqua commodo ad excepteur. Aute non reprehenderit eu duis. Ad in reprehenderit aliqua Lorem et.', 'https://via.placeholder.com/400/', 'https://via.placeholder.com/400/?text=ICON', '2020-10-24 07:10:31'),
(7, 40, 37.797895, -122.364847, 'Laboris ea magna aliqua ut labore reprehenderit commodo sint occaecat nulla. Velit aliquip ipsum ullamco labore aliqua sint ipsum dolor eu amet et ad tempor non. Dolore aliqua deserunt aute dolor cupidatat qui reprehenderit adipisicing ipsum culpa incididunt eu.', 'https://via.placeholder.com/400/', 'https://via.placeholder.com/400/?text=ICON', '2020-06-10 01:28:23'),
(8, 21, 37.743003, -122.418595, 'Id nulla nostrud consectetur exercitation id adipisicing proident reprehenderit veniam velit enim qui commodo sit. Cupidatat esse ea nostrud incididunt pariatur ex ut. Duis laborum aute anim ullamco minim Lorem cillum.', 'https://via.placeholder.com/400/', 'https://via.placeholder.com/400/?text=ICON', '2020-12-20 11:46:26'),
(9, 11, 37.723057, -122.492093, 'Occaecat ullamco eu magna dolor ex laborum nostrud magna excepteur fugiat mollit. Irure enim in duis laboris proident. Enim ex aliquip ex veniam enim irure labore voluptate non aliquip adipisicing.', 'https://via.placeholder.com/400/', 'https://via.placeholder.com/400/?text=ICON', '2020-10-07 10:20:31'),
(10, 12, 37.731240, -122.432612, 'Dolor magna quis labore ut aliqua qui et. Adipisicing laborum enim officia ut minim cupidatat officia mollit nostrud adipisicing aute laborum nostrud. Exercitation ad tempor esse nisi aliquip in pariatur irure quis duis.', 'https://via.placeholder.com/400/', 'https://via.placeholder.com/400/?text=ICON', '2021-02-07 10:26:31'),
(11, 49, 37.779657, -122.393163, 'Ea culpa eu enim dolore aliqua. Mollit ut est et deserunt ea laborum. Magna cupidatat nostrud veniam laboris excepteur ut amet consectetur excepteur sit.', 'https://via.placeholder.com/400/', 'https://via.placeholder.com/400/?text=ICON', '2021-04-27 09:29:32'),
(12, 16, 37.764704, -122.433008, 'Laboris et consequat eu in nulla veniam culpa do officia irure ea anim sunt. Aliquip dolor exercitation in enim adipisicing. Laboris minim consequat magna anim excepteur cupidatat do nulla fugiat cillum ipsum et.', 'https://via.placeholder.com/400/', 'https://via.placeholder.com/400/?text=ICON', '2021-05-25 11:09:23'),
(13, 47, 37.800411, -122.433739, 'Laboris do pariatur dolore consectetur excepteur aliqua nisi consequat est pariatur qui ipsum pariatur eiusmod. Irure consequat magna commodo ea consectetur exercitation sit. Labore duis officia amet adipisicing consectetur fugiat dolor.', 'https://via.placeholder.com/400/', 'https://via.placeholder.com/400/?text=ICON', '2021-05-01 04:27:03'),
(14, 11, 37.782249, -122.378734, 'Incididunt amet velit irure adipisicing incididunt cupidatat consequat in culpa occaecat. Dolore exercitation ipsum occaecat id officia. Ex magna proident non excepteur eiusmod sunt non officia Lorem enim nostrud consectetur voluptate.', 'https://via.placeholder.com/400/', 'https://via.placeholder.com/400/?text=ICON', '2021-03-06 12:09:44'),
(15, 36, 37.781920, -122.365171, 'Aliqua aliquip ipsum in ad velit. Commodo commodo eiusmod velit commodo et sunt magna culpa consequat quis velit ex laboris officia. Labore est tempor pariatur sint labore ullamco ullamco.', 'https://via.placeholder.com/400/', 'https://via.placeholder.com/400/?text=ICON', '2020-09-26 10:52:51'),
(16, 8, 37.719840, -122.417382, 'Mollit proident irure commodo elit qui laboris reprehenderit laborum proident voluptate tempor officia fugiat ipsum. Ad ex esse dolor laboris quis eiusmod sunt labore tempor aliquip enim occaecat. Sint et quis anim occaecat duis sint consectetur ut.', 'https://via.placeholder.com/400/', 'https://via.placeholder.com/400/?text=ICON', '2021-05-29 04:35:42'),
(17, 4, 37.789620, -122.376454, 'Ad sunt adipisicing eu incididunt aliqua eiusmod sit reprehenderit dolore enim et officia tempor. Commodo cillum incididunt commodo cillum nisi esse ad veniam eiusmod laborum velit. Ad pariatur irure occaecat ad ullamco dolor.', 'https://via.placeholder.com/400/', 'https://via.placeholder.com/400/?text=ICON', '2021-05-07 10:45:43'),
(18, 27, 37.723938, -122.395155, 'Ipsum pariatur sunt enim laboris officia officia. Officia consectetur id laboris consectetur. Veniam est nisi pariatur nisi qui adipisicing mollit duis labore ea ut ad non officia.', 'https://via.placeholder.com/400/', 'https://via.placeholder.com/400/?text=ICON', '2021-05-23 03:04:24'),
(19, 34, 37.728999, -122.492882, 'Commodo laboris anim mollit pariatur ullamco cupidatat Lorem qui commodo ea anim. Occaecat adipisicing dolore nostrud dolore ea nulla anim est. Elit eiusmod dolore irure officia adipisicing fugiat minim ullamco.', 'https://via.placeholder.com/400/', 'https://via.placeholder.com/400/?text=ICON', '2021-04-18 09:35:30'),
(20, 43, 37.784491, -122.473294, 'Lorem consequat amet elit anim culpa voluptate aute duis incididunt eu sint consequat. Amet excepteur qui irure voluptate consequat anim proident id sint. Esse adipisicing voluptate nulla minim duis fugiat duis amet cillum aliqua adipisicing.', 'https://via.placeholder.com/400/', 'https://via.placeholder.com/400/?text=ICON', '2020-09-24 05:29:56'),
(21, 4, 37.756234, -122.451403, 'Id ullamco nulla duis excepteur voluptate anim. Aliqua non do non nisi officia aliqua aliquip cillum veniam minim deserunt dolore. Do nostrud consequat quis excepteur aute est enim esse deserunt ut qui aute.', 'https://via.placeholder.com/400/', 'https://via.placeholder.com/400/?text=ICON', '2021-10-16 05:01:01'),
(22, 17, 37.772614, -122.401512, 'Cupidatat non velit nisi voluptate exercitation ullamco incididunt qui. Amet dolore voluptate deserunt exercitation excepteur sunt officia voluptate ad magna ad veniam officia eiusmod. In adipisicing minim amet tempor ea sunt.', 'https://via.placeholder.com/400/', 'https://via.placeholder.com/400/?text=ICON', '2021-05-21 06:28:07'),
(23, 11, 37.705895, -122.508965, 'Veniam ut velit cupidatat consectetur cillum voluptate officia sint velit. Do laboris cillum occaecat ex nisi non consectetur. Ipsum voluptate sint nostrud velit aliquip consequat culpa culpa.', 'https://via.placeholder.com/400/', 'https://via.placeholder.com/400/?text=ICON', '2020-08-11 10:50:47'),
(24, 25, 37.742910, -122.408165, 'Ad sint in ullamco non cupidatat nulla ut et veniam irure amet. Ullamco nisi aute reprehenderit aliqua labore non dolor proident velit. Laboris laborum mollit laboris aliqua ipsum qui consequat consectetur exercitation reprehenderit pariatur.', 'https://via.placeholder.com/400/', 'https://via.placeholder.com/400/?text=ICON', '2020-02-24 09:50:35'),
(25, 15, 37.743724, -122.364118, 'Non velit non minim veniam reprehenderit et adipisicing ea duis dolore eiusmod mollit ut culpa. Sit eu Lorem ipsum enim esse commodo fugiat eiusmod anim nostrud laboris velit occaecat dolor. Ad ea excepteur nostrud ex fugiat dolor aliqua excepteur ipsum excepteur adipisicing.', 'https://via.placeholder.com/400/', 'https://via.placeholder.com/400/?text=ICON', '2020-06-24 07:50:24'),
(26, 37, 37.754754, -122.441332, 'In eiusmod incididunt in enim do ex sit. Non sint laboris voluptate cupidatat dolor eiusmod enim magna laborum eu. Magna amet aute velit ipsum id adipisicing incididunt ipsum do consectetur anim dolore ut esse.', 'https://via.placeholder.com/400/', 'https://via.placeholder.com/400/?text=ICON', '2020-04-14 07:51:12'),
(27, 30, 37.758849, -122.385686, 'Sit sint duis consequat consectetur irure commodo labore duis velit sint mollit sunt. Nostrud mollit sit velit voluptate et aliqua eiusmod irure esse tempor labore. Qui ad occaecat commodo esse voluptate.', 'https://via.placeholder.com/400/', 'https://via.placeholder.com/400/?text=ICON', '2020-08-11 01:58:39'),
(28, 6, 37.743106, -122.453594, 'Deserunt consequat anim elit exercitation ea amet exercitation dolore elit labore est nostrud non exercitation. Elit minim reprehenderit eiusmod dolore amet adipisicing ex non id ea ex laborum aliquip fugiat. Aliquip non laboris velit reprehenderit aliquip proident nulla in ea duis ex tempor et magna.', 'https://via.placeholder.com/400/', 'https://via.placeholder.com/400/?text=ICON', '2021-03-08 09:15:28'),
(29, 27, 37.761177, -122.422480, 'Pariatur elit minim minim laborum consectetur anim. Consequat et esse nulla nostrud sit sunt ipsum ex irure. Sint qui commodo cupidatat elit deserunt ex anim est ipsum enim reprehenderit irure id.', 'https://via.placeholder.com/400/', 'https://via.placeholder.com/400/?text=ICON', '2020-04-11 06:24:07'),
(30, 9, 37.801461, -122.500062, 'Nulla duis qui ipsum est veniam et elit sunt magna non anim quis sit. Excepteur commodo laboris do pariatur eiusmod occaecat laborum ex voluptate minim laborum. Commodo aliqua ea ex qui cupidatat pariatur veniam.', 'https://via.placeholder.com/400/', 'https://via.placeholder.com/400/?text=ICON', '2021-06-03 08:19:01'),
(31, 36, 37.763193, -122.436429, 'Consectetur duis eiusmod incididunt ad et do quis pariatur. In duis pariatur in nisi sit et velit id. Voluptate ut eu magna reprehenderit labore sint aliqua.', 'https://via.placeholder.com/400/', 'https://via.placeholder.com/400/?text=ICON', '2021-07-07 09:10:48'),
(32, 16, 37.706771, -122.469068, 'Ullamco sit esse est velit ullamco quis sint eiusmod dolore qui aliquip anim nostrud voluptate. Enim irure quis ut eiusmod sit amet est id minim. Laborum enim aute aliqua ea mollit id magna enim esse consectetur esse ea.', 'https://via.placeholder.com/400/', 'https://via.placeholder.com/400/?text=ICON', '2021-05-16 12:00:02'),
(33, 8, 37.751221, -122.444417, 'Veniam nostrud consequat excepteur sint sint est officia exercitation pariatur incididunt. Fugiat deserunt enim quis esse ullamco. Ipsum id aliqua sint ut est ipsum velit.', 'https://via.placeholder.com/400/', 'https://via.placeholder.com/400/?text=ICON', '2021-03-23 10:18:01'),
(34, 30, 37.784717, -122.372441, 'Dolore minim quis excepteur ex non mollit occaecat. Amet voluptate non in reprehenderit tempor qui dolore labore. Cupidatat consectetur mollit sunt deserunt nulla nulla commodo.', 'https://via.placeholder.com/400/', 'https://via.placeholder.com/400/?text=ICON', '2020-06-21 08:22:09'),
(35, 35, 37.729253, -122.380981, 'Pariatur veniam excepteur non laborum ipsum nulla laborum culpa ad do mollit exercitation proident. Aute ea do proident Lorem non pariatur veniam adipisicing. Duis do officia excepteur sunt aliqua quis aliqua in fugiat sint elit ad deserunt pariatur.', 'https://via.placeholder.com/400/', 'https://via.placeholder.com/400/?text=ICON', '2020-12-15 07:17:00'),
(36, 6, 37.784806, -122.486200, 'Ad voluptate ea quis ea duis laborum veniam Lorem mollit ut qui eu. Dolor adipisicing Lorem pariatur pariatur duis elit proident voluptate commodo ullamco. Nisi do enim ex elit minim officia exercitation.', 'https://via.placeholder.com/400/', 'https://via.placeholder.com/400/?text=ICON', '2021-05-26 03:22:10'),
(37, 18, 37.738989, -122.513598, 'Laboris commodo cillum commodo mollit. Exercitation culpa veniam minim veniam minim qui. Ex ullamco aliqua nostrud et Lorem nostrud in proident veniam proident aliqua exercitation aute id.', 'https://via.placeholder.com/400/', 'https://via.placeholder.com/400/?text=ICON', '2021-11-20 02:44:02'),
(38, 13, 37.712895, -122.370883, 'Aute do laboris incididunt culpa do. Officia et ullamco velit eu eu commodo aliqua esse aliqua sunt id et proident non. Et dolor consectetur deserunt minim eu laborum id.', 'https://via.placeholder.com/400/', 'https://via.placeholder.com/400/?text=ICON', '2020-04-23 02:32:30'),
(39, 27, 37.785129, -122.512833, 'Nostrud magna officia velit Lorem qui sint occaecat consectetur labore magna. Veniam consequat ea cupidatat magna voluptate dolore elit irure in ipsum. Id sunt do magna exercitation exercitation aliquip adipisicing proident.', 'https://via.placeholder.com/400/', 'https://via.placeholder.com/400/?text=ICON', '2021-04-10 01:26:19'),
(40, 40, 37.706353, -122.434283, 'Eu labore ut officia occaecat eiusmod officia deserunt id elit pariatur. Velit fugiat reprehenderit ad ullamco est enim exercitation adipisicing commodo. In deserunt officia dolor cupidatat cupidatat ex quis elit minim cillum cupidatat quis duis ipsum.', 'https://via.placeholder.com/400/', 'https://via.placeholder.com/400/?text=ICON', '2020-11-01 02:04:56'),
(41, 37, 37.742694, -122.427310, 'Labore et aute tempor labore. Ea voluptate ad adipisicing officia proident sit ipsum enim aliquip. In laboris anim irure velit.', 'https://via.placeholder.com/400/', 'https://via.placeholder.com/400/?text=ICON', '2021-04-13 01:15:06'),
(42, 1, 37.798640, -122.476376, 'Non commodo laborum velit enim. In ad mollit cupidatat excepteur eu excepteur labore culpa duis deserunt est velit. Reprehenderit ipsum dolore aute ut consectetur quis ea elit amet.', 'https://via.placeholder.com/400/', 'https://via.placeholder.com/400/?text=ICON', '2020-03-18 05:23:00'),
(43, 30, 37.774724, -122.394570, 'Exercitation proident non ullamco elit culpa ullamco. Esse ipsum deserunt labore mollit qui. Labore occaecat veniam commodo deserunt ex qui deserunt eu esse.', 'https://via.placeholder.com/400/', 'https://via.placeholder.com/400/?text=ICON', '2020-03-11 05:24:16'),
(44, 27, 37.797491, -122.476836, 'Do fugiat eiusmod quis et pariatur sit est proident enim. Mollit exercitation consectetur adipisicing eu consectetur consequat nisi. Id aliqua ut occaecat tempor aliqua sint consectetur proident non.', 'https://via.placeholder.com/400/', 'https://via.placeholder.com/400/?text=ICON', '2021-05-11 07:50:33'),
(45, 43, 37.802236, -122.373731, 'Enim sit culpa nisi ullamco ullamco cillum quis incididunt labore sunt cupidatat mollit culpa fugiat. Cupidatat cupidatat eu exercitation in proident velit incididunt sunt elit mollit est. Sunt pariatur consequat excepteur exercitation reprehenderit excepteur aliqua aute.', 'https://via.placeholder.com/400/', 'https://via.placeholder.com/400/?text=ICON', '2020-07-02 06:42:26'),
(46, 14, 37.760336, -122.451912, 'Voluptate sint et tempor occaecat. Ipsum voluptate non deserunt labore est dolor mollit cupidatat est ad duis sint. Labore eu labore voluptate velit sit ex in.', 'https://via.placeholder.com/400/', 'https://via.placeholder.com/400/?text=ICON', '2021-03-25 06:37:44'),
(47, 10, 37.757331, -122.426631, 'Commodo non non ipsum sit exercitation in qui ut sit pariatur laborum esse. Ut velit occaecat non qui exercitation id proident. Eiusmod velit adipisicing non incididunt esse aliquip occaecat eiusmod elit excepteur.', 'https://via.placeholder.com/400/', 'https://via.placeholder.com/400/?text=ICON', '2021-07-28 02:59:51'),
(48, 46, 37.713181, -122.460871, 'Eiusmod amet Lorem esse dolore eu sint incididunt sint occaecat. Culpa do in sunt enim incididunt sunt veniam do occaecat qui sit. Eu veniam veniam eiusmod officia.', 'https://via.placeholder.com/400/', 'https://via.placeholder.com/400/?text=ICON', '2020-07-11 11:03:59'),
(49, 10, 37.718865, -122.389861, 'Ullamco ullamco incididunt Lorem consequat cillum pariatur cupidatat nostrud veniam. Minim magna ut incididunt minim incididunt nostrud consectetur est culpa cupidatat consectetur consequat voluptate. Non id anim laboris irure mollit minim.', 'https://via.placeholder.com/400/', 'https://via.placeholder.com/400/?text=ICON', '2021-01-12 02:42:18'),
(50, 16, 37.796738, -122.389690, 'Aliquip ipsum adipisicing ipsum nisi eiusmod velit ullamco tempor amet aliquip et exercitation consequat cillum. Labore veniam exercitation consequat ullamco nulla sit ullamco laboris minim. Officia consectetur fugiat elit ullamco sit minim Lorem ad officia eu.', 'https://via.placeholder.com/400/', 'https://via.placeholder.com/400/?text=ICON', '2020-02-04 06:55:46'),
(51, 24, 37.797906, -122.480955, 'Consequat commodo laborum ullamco qui pariatur veniam dolor aliqua sunt pariatur eu. Lorem consectetur esse nisi occaecat cillum dolor fugiat proident ex pariatur exercitation qui eiusmod. Enim exercitation nostrud irure mollit occaecat.', 'https://via.placeholder.com/400/', 'https://via.placeholder.com/400/?text=ICON', '2021-09-05 08:09:00'),
(52, 48, 37.721439, -122.494256, 'Reprehenderit culpa sunt anim ut. Do dolor nostrud cillum ullamco sunt voluptate ut enim et aliqua anim. Pariatur culpa Lorem officia qui nulla exercitation eiusmod.', 'https://via.placeholder.com/400/', 'https://via.placeholder.com/400/?text=ICON', '2020-10-30 06:29:32'),
(53, 41, 37.710086, -122.416021, 'Deserunt consectetur est esse voluptate adipisicing excepteur. Ex deserunt occaecat veniam dolor mollit aute elit enim. Veniam ullamco sint ex nulla id occaecat nulla cupidatat enim irure ipsum.', 'https://via.placeholder.com/400/', 'https://via.placeholder.com/400/?text=ICON', '2021-10-14 12:33:42'),
(54, 9, 37.742041, -122.452205, 'Ut velit nulla culpa adipisicing ex in veniam incididunt excepteur. Ea reprehenderit ipsum eu enim consequat minim tempor veniam esse enim. Exercitation est Lorem fugiat consectetur do amet qui.', 'https://via.placeholder.com/400/', 'https://via.placeholder.com/400/?text=ICON', '2021-09-03 09:53:48'),
(55, 9, 37.759064, -122.465528, 'Reprehenderit proident culpa nisi et occaecat ut quis non mollit magna reprehenderit pariatur id. Velit nulla ut reprehenderit id nisi commodo. Sit occaecat aliquip ut ex labore.', 'https://via.placeholder.com/400/', 'https://via.placeholder.com/400/?text=ICON', '2021-08-30 08:38:03'),
(56, 26, 37.727099, -122.456475, 'Duis irure nulla ut dolore labore proident duis nisi irure. Anim sint magna magna laborum cupidatat adipisicing aliqua deserunt sit minim nulla magna incididunt veniam. Fugiat reprehenderit laborum in minim deserunt voluptate laboris.', 'https://via.placeholder.com/400/', 'https://via.placeholder.com/400/?text=ICON', '2020-03-28 10:52:38'),
(57, 11, 37.730127, -122.373954, 'Duis veniam laborum exercitation Lorem cillum. Culpa irure minim ad cillum. Ullamco Lorem pariatur nisi duis consequat deserunt commodo incididunt excepteur officia.', 'https://via.placeholder.com/400/', 'https://via.placeholder.com/400/?text=ICON', '2021-07-23 09:51:53'),
(58, 29, 37.792021, -122.428948, 'Culpa id ad labore ad sint excepteur aliquip dolore amet. Ipsum esse eu dolore exercitation qui sit commodo eiusmod esse sint consequat exercitation adipisicing. Veniam duis officia mollit et ea nisi ex.', 'https://via.placeholder.com/400/', 'https://via.placeholder.com/400/?text=ICON', '2021-07-31 12:43:14'),
(59, 23, 37.724408, -122.373335, 'Eu laboris aliqua dolor consequat elit qui mollit nostrud ipsum duis sit deserunt laboris. Quis eiusmod non deserunt laborum sint deserunt enim nisi mollit nulla tempor esse. Incididunt ut consequat ullamco nostrud enim enim veniam occaecat eu do.', 'https://via.placeholder.com/400/', 'https://via.placeholder.com/400/?text=ICON', '2020-05-27 11:04:01'),
(60, 28, 37.800614, -122.463154, 'Sit non nisi irure non voluptate eu veniam voluptate. Id non consectetur ad voluptate aliqua labore magna officia nulla reprehenderit. Id fugiat labore officia id commodo in cupidatat incididunt ipsum laboris nisi amet.', 'https://via.placeholder.com/400/', 'https://via.placeholder.com/400/?text=ICON', '2021-11-23 07:24:29'),
(61, 45, 37.743175, -122.497374, 'Culpa quis occaecat tempor minim. Cupidatat tempor magna nulla quis mollit ipsum laborum sint enim labore. Ipsum nisi ex est laborum duis nostrud minim exercitation nostrud.', 'https://via.placeholder.com/400/', 'https://via.placeholder.com/400/?text=ICON', '2020-02-15 06:45:55'),
(62, 33, 37.767670, -122.496866, 'Eiusmod voluptate non officia id in quis in occaecat sunt aliquip. Nulla voluptate est veniam ipsum aliqua anim. Reprehenderit pariatur magna cupidatat fugiat laboris laboris et mollit.', 'https://via.placeholder.com/400/', 'https://via.placeholder.com/400/?text=ICON', '2020-08-25 04:30:24'),
(63, 12, 37.777549, -122.392517, 'Excepteur anim sit do velit laboris duis minim. Velit ad tempor laboris consequat occaecat proident sit minim. Qui cillum labore dolor id consequat magna eu Lorem adipisicing minim non.', 'https://via.placeholder.com/400/', 'https://via.placeholder.com/400/?text=ICON', '2020-04-01 10:24:44'),
(64, 11, 37.706881, -122.383575, 'Aute commodo enim laboris esse enim ut culpa aute reprehenderit fugiat do minim Lorem. Irure ex culpa fugiat duis officia irure. Laborum mollit dolore do tempor voluptate.', 'https://via.placeholder.com/400/', 'https://via.placeholder.com/400/?text=ICON', '2021-01-25 06:49:27'),
(65, 37, 37.800996, -122.493214, 'Nostrud aliquip minim voluptate qui ullamco et consequat fugiat. Aute dolor pariatur duis elit pariatur ipsum velit eiusmod anim. Do voluptate pariatur pariatur non reprehenderit non proident reprehenderit labore ex.', 'https://via.placeholder.com/400/', 'https://via.placeholder.com/400/?text=ICON', '2020-02-22 04:16:11'),
(66, 45, 37.720741, -122.470353, 'Pariatur labore mollit duis officia laboris ad ex. Est culpa velit reprehenderit excepteur voluptate adipisicing qui deserunt. Officia reprehenderit exercitation ea deserunt minim amet ad.', 'https://via.placeholder.com/400/', 'https://via.placeholder.com/400/?text=ICON', '2021-10-23 04:01:21'),
(67, 40, 37.723607, -122.371070, 'In magna id minim sunt sit commodo minim. Reprehenderit commodo dolore consectetur occaecat laborum incididunt nostrud exercitation do elit consectetur incididunt labore dolor. Magna nulla sint ad anim minim labore consectetur incididunt nulla pariatur.', 'https://via.placeholder.com/400/', 'https://via.placeholder.com/400/?text=ICON', '2021-06-10 08:47:46'),
(68, 36, 37.721053, -122.489026, 'Do sint ullamco ullamco nisi do exercitation. Officia ad cillum sunt magna occaecat consectetur eiusmod voluptate do incididunt sit ex. Irure anim labore nostrud incididunt occaecat sunt ullamco.', 'https://via.placeholder.com/400/', 'https://via.placeholder.com/400/?text=ICON', '2020-07-26 01:00:28'),
(69, 43, 37.724448, -122.442517, 'Culpa magna consectetur veniam qui ea commodo Lorem qui amet cillum et laborum. Dolore sint laborum dolore ut consectetur quis incididunt nisi sit sunt mollit cillum elit proident. Reprehenderit adipisicing voluptate ad consectetur et ullamco culpa.', 'https://via.placeholder.com/400/', 'https://via.placeholder.com/400/?text=ICON', '2020-10-13 10:49:22'),
(70, 10, 37.727295, -122.419221, 'Duis do aliquip aliquip ullamco dolore ipsum. Est cillum nostrud nulla dolor esse. Irure ullamco officia non ut eu proident do enim.', 'https://via.placeholder.com/400/', 'https://via.placeholder.com/400/?text=ICON', '2020-02-07 06:33:52'),
(71, 21, 37.754194, -122.433474, 'Consectetur cillum qui sunt ullamco deserunt est occaecat nostrud occaecat veniam. Amet officia fugiat est quis nulla eiusmod eiusmod sit voluptate in anim. Enim quis nisi qui nulla laboris ea occaecat labore.', 'https://via.placeholder.com/400/', 'https://via.placeholder.com/400/?text=ICON', '2020-12-01 03:25:07'),
(72, 20, 37.752804, -122.441485, 'In anim excepteur reprehenderit aliquip pariatur ad aute sint amet aute eu enim. Eiusmod magna amet reprehenderit consequat magna consectetur culpa eiusmod ullamco eu qui. Deserunt non nulla consectetur deserunt amet irure enim consectetur exercitation dolor excepteur cupidatat laboris.', 'https://via.placeholder.com/400/', 'https://via.placeholder.com/400/?text=ICON', '2020-08-26 12:46:25'),
(73, 1, 37.736954, -122.389699, 'Consectetur Lorem incididunt officia qui fugiat qui proident reprehenderit aliquip. Fugiat nulla est excepteur ut. Officia irure officia laborum dolore sunt velit duis Lorem nulla esse cillum minim cillum adipisicing.', 'https://via.placeholder.com/400/', 'https://via.placeholder.com/400/?text=ICON', '2020-10-24 12:37:23'),
(74, 20, 37.779419, -122.382054, 'Duis non anim ex aute ea do. Lorem Lorem ipsum irure dolor esse incididunt duis nisi enim labore eiusmod eiusmod sit mollit. Ipsum incididunt sunt anim ex ex laboris tempor.', 'https://via.placeholder.com/400/', 'https://via.placeholder.com/400/?text=ICON', '2021-01-07 02:36:10'),
(75, 23, 37.746474, -122.391421, 'Consectetur mollit reprehenderit reprehenderit dolore commodo minim do consequat fugiat. Sint incididunt officia tempor elit laboris occaecat culpa non. Est exercitation excepteur aliqua voluptate veniam esse sit consectetur voluptate duis exercitation aute ipsum.', 'https://via.placeholder.com/400/', 'https://via.placeholder.com/400/?text=ICON', '2020-07-18 05:06:57'),
(76, 27, 37.708772, -122.374027, 'Proident sit ipsum velit in est nisi reprehenderit nulla est voluptate. Elit consectetur cillum voluptate non consequat reprehenderit cupidatat. Ea in anim aliquip consectetur.', 'https://via.placeholder.com/400/', 'https://via.placeholder.com/400/?text=ICON', '2021-08-11 11:50:06'),
(77, 45, 37.765778, -122.431087, 'Nisi laboris eu nostrud exercitation laborum nostrud tempor sit culpa ex do esse. Pariatur non commodo fugiat mollit laboris minim eiusmod incididunt minim cupidatat dolore sunt veniam amet. Exercitation ut tempor quis voluptate id excepteur veniam duis tempor proident exercitation.', 'https://via.placeholder.com/400/', 'https://via.placeholder.com/400/?text=ICON', '2021-05-20 11:13:07'),
(78, 24, 37.719607, -122.489602, 'Excepteur minim voluptate excepteur cupidatat occaecat pariatur aliqua fugiat ea nulla irure. Est non ullamco consequat minim ipsum ad ullamco. Est do labore anim consequat eu in excepteur aliqua laborum aliquip esse quis.', 'https://via.placeholder.com/400/', 'https://via.placeholder.com/400/?text=ICON', '2021-06-22 06:30:26'),
(79, 6, 37.789702, -122.434008, 'Excepteur officia id sit excepteur sit elit elit eu. Elit magna duis consectetur tempor laboris excepteur sit quis. Est culpa duis qui aute reprehenderit.', 'https://via.placeholder.com/400/', 'https://via.placeholder.com/400/?text=ICON', '2020-10-23 05:57:20'),
(80, 40, 37.741763, -122.491818, 'Ut incididunt qui amet enim cupidatat est aliqua nisi ipsum tempor fugiat minim Lorem. Nisi irure in non cupidatat cupidatat qui commodo mollit ut Lorem ut consectetur cillum occaecat. Cupidatat dolor ad reprehenderit eiusmod aliquip.', 'https://via.placeholder.com/400/', 'https://via.placeholder.com/400/?text=ICON', '2021-06-20 07:39:14'),
(81, 44, 37.798059, -122.439195, 'Cupidatat deserunt dolor nisi qui irure tempor pariatur ex aute do occaecat in esse. Sunt duis consectetur in dolore nulla duis tempor deserunt irure. Laboris labore est eiusmod fugiat.', 'https://via.placeholder.com/400/', 'https://via.placeholder.com/400/?text=ICON', '2020-12-10 07:24:00'),
(82, 45, 37.797591, -122.403866, 'Nulla do in fugiat laborum aliquip et consectetur non. Ullamco amet eiusmod voluptate et in aliqua velit. Nostrud nulla irure et nisi ut in laborum ea anim anim mollit commodo.', 'https://via.placeholder.com/400/', 'https://via.placeholder.com/400/?text=ICON', '2020-09-10 07:59:19'),
(83, 50, 37.740191, -122.456481, 'Eu ut consequat mollit commodo aute aliquip ipsum elit aliqua do. Nisi excepteur consequat do est non do anim fugiat nostrud labore cillum cillum incididunt culpa. Aliqua sit aute id veniam reprehenderit elit mollit.', 'https://via.placeholder.com/400/', 'https://via.placeholder.com/400/?text=ICON', '2020-12-27 11:50:29'),
(84, 38, 37.716185, -122.359814, 'Consequat velit incididunt ea ullamco aute Lorem sit exercitation ea. Eiusmod et eu commodo ea amet exercitation voluptate est. Anim sunt esse sit anim.', 'https://via.placeholder.com/400/', 'https://via.placeholder.com/400/?text=ICON', '2021-01-11 04:31:10'),
(85, 5, 37.708297, -122.457026, 'Occaecat proident velit ad sunt nostrud cillum nulla aliqua commodo quis. Cillum officia exercitation aute nostrud magna exercitation ad ea ullamco proident sint voluptate sint. Fugiat veniam reprehenderit anim exercitation reprehenderit reprehenderit quis in eiusmod id occaecat.', 'https://via.placeholder.com/400/', 'https://via.placeholder.com/400/?text=ICON', '2021-04-06 01:16:57'),
(86, 43, 37.731062, -122.431703, 'Pariatur dolor enim exercitation excepteur aliquip. Labore id id est elit exercitation eiusmod sit voluptate excepteur officia velit eu non qui. Voluptate sit do pariatur cupidatat.', 'https://via.placeholder.com/400/', 'https://via.placeholder.com/400/?text=ICON', '2020-04-24 10:17:19'),
(87, 31, 37.739008, -122.476002, 'Pariatur do Lorem occaecat esse tempor magna. Mollit aute veniam sunt velit veniam adipisicing ut dolore quis. Sit qui elit in sit sunt aliquip.', 'https://via.placeholder.com/400/', 'https://via.placeholder.com/400/?text=ICON', '2020-07-22 05:00:53'),
(88, 10, 37.781357, -122.390323, 'Eu labore ea cupidatat tempor in. Aute proident aliqua nulla anim anim. Aliqua mollit ex culpa qui voluptate qui Lorem ullamco.', 'https://via.placeholder.com/400/', 'https://via.placeholder.com/400/?text=ICON', '2020-04-24 07:20:58'),
(89, 39, 37.707997, -122.363697, 'Ad ullamco cillum aliqua amet nisi. Fugiat sint et ut sunt aliqua deserunt reprehenderit. Qui sit enim ipsum nulla excepteur adipisicing nisi incididunt eu et enim duis.', 'https://via.placeholder.com/400/', 'https://via.placeholder.com/400/?text=ICON', '2021-07-27 12:55:16'),
(90, 39, 37.739406, -122.415403, 'Fugiat consectetur irure laboris dolore dolor laborum in in nostrud laboris adipisicing adipisicing reprehenderit minim. Anim est tempor incididunt cupidatat duis deserunt fugiat dolor irure reprehenderit fugiat consequat. Enim magna mollit Lorem excepteur sunt fugiat commodo id nostrud incididunt Lorem.', 'https://via.placeholder.com/400/', 'https://via.placeholder.com/400/?text=ICON', '2020-08-10 05:25:45'),
(91, 37, 37.741416, -122.488130, 'Sunt irure voluptate veniam exercitation occaecat ut eiusmod et fugiat. Ut elit nostrud eu elit et. Ullamco labore laborum fugiat occaecat sunt cillum occaecat ullamco excepteur commodo pariatur ea reprehenderit anim.', 'https://via.placeholder.com/400/', 'https://via.placeholder.com/400/?text=ICON', '2020-03-30 08:57:35'),
(92, 48, 37.768493, -122.423738, 'Laboris commodo nostrud sint reprehenderit incididunt cupidatat eiusmod cupidatat commodo ut Lorem. Irure exercitation non esse magna elit in ex eu. Dolore reprehenderit ad tempor in in excepteur Lorem in irure veniam.', 'https://via.placeholder.com/400/', 'https://via.placeholder.com/400/?text=ICON', '2020-12-25 12:04:24'),
(93, 25, 37.714433, -122.389321, 'Eiusmod anim quis tempor eiusmod pariatur anim nisi irure dolor ullamco. Sunt non enim ad fugiat ex id laboris ullamco nulla. Est ea proident elit reprehenderit nulla sint anim mollit.', 'https://via.placeholder.com/400/', 'https://via.placeholder.com/400/?text=ICON', '2021-08-24 07:27:21'),
(94, 5, 37.735157, -122.404032, 'Commodo dolore nulla velit irure. Deserunt magna anim adipisicing nulla in. Enim mollit aliqua ad labore.', 'https://via.placeholder.com/400/', 'https://via.placeholder.com/400/?text=ICON', '2020-06-14 10:18:30'),
(95, 7, 37.768832, -122.411162, 'In cillum labore eu do cillum duis laboris consectetur. Dolor dolore ut officia nostrud irure cupidatat magna dolor eu sint. Commodo veniam excepteur nostrud sunt veniam qui officia.', 'https://via.placeholder.com/400/', 'https://via.placeholder.com/400/?text=ICON', '2020-03-06 02:41:21'),
(96, 21, 37.728277, -122.500962, 'Ipsum commodo sit voluptate tempor ea qui elit non sint nisi. Proident commodo ut non laboris labore officia incididunt laboris occaecat. Mollit occaecat cupidatat tempor qui excepteur eu consectetur ea.', 'https://via.placeholder.com/400/', 'https://via.placeholder.com/400/?text=ICON', '2020-06-16 11:37:05'),
(97, 38, 37.798619, -122.429733, 'Excepteur dolor dolore id laborum et magna qui cupidatat mollit velit veniam aliqua. Quis elit minim incididunt ipsum duis do laboris tempor. Commodo irure ad laborum pariatur laborum.', 'https://via.placeholder.com/400/', 'https://via.placeholder.com/400/?text=ICON', '2021-04-08 07:10:16'),
(98, 11, 37.791550, -122.478820, 'Consequat cillum est commodo ea ullamco voluptate incididunt pariatur. Incididunt irure id tempor laborum ex. Magna proident commodo consequat anim anim laboris est exercitation ipsum id nulla.', 'https://via.placeholder.com/400/', 'https://via.placeholder.com/400/?text=ICON', '2020-06-17 03:06:39'),
(99, 24, 37.735048, -122.502658, 'Non non aute ipsum incididunt. Minim exercitation culpa consectetur pariatur irure exercitation Lorem do. Cillum dolor tempor anim fugiat adipisicing.', 'https://via.placeholder.com/400/', 'https://via.placeholder.com/400/?text=ICON', '2020-08-02 05:47:27'),
(100, 32, 37.763551, -122.442426, 'Irure esse consectetur ullamco non sint adipisicing ex excepteur. Officia proident sint elit cillum do ullamco nisi ullamco ex exercitation mollit tempor eiusmod deserunt. Sit do aliquip sunt ut exercitation incididunt nulla laborum consectetur id aliqua dolore anim.', 'https://via.placeholder.com/400/', 'https://via.placeholder.com/400/?text=ICON', '2020-01-10 04:57:29'),
(101, 26, 37.724058, -122.482620, 'Ea laboris deserunt quis est do aute minim esse. Non non culpa culpa consectetur qui sit adipisicing nostrud et ut deserunt pariatur. Fugiat est ad anim duis adipisicing exercitation id voluptate et cupidatat mollit ipsum.', 'https://via.placeholder.com/400/', 'https://via.placeholder.com/400/?text=ICON', '2020-03-03 07:46:18'),
(102, 36, 37.717113, -122.502040, 'Mollit nostrud mollit pariatur quis sint nisi fugiat. In enim Lorem officia nisi anim aliquip quis. Do pariatur cillum excepteur eu aliquip.', 'https://via.placeholder.com/400/', 'https://via.placeholder.com/400/?text=ICON', '2021-02-10 09:44:56'),
(103, 28, 37.728773, -122.495725, 'Laborum commodo aliquip ullamco excepteur duis consequat commodo tempor ullamco irure. Adipisicing dolor ut elit quis consectetur minim et est eu laborum est pariatur et. Reprehenderit commodo esse aliquip cillum sit.', 'https://via.placeholder.com/400/', 'https://via.placeholder.com/400/?text=ICON', '2021-01-03 06:54:37'),
(104, 41, 37.765918, -122.464494, 'Ex non duis sit aute. Exercitation irure do adipisicing ex id amet occaecat quis elit aliqua cupidatat. Incididunt voluptate enim et deserunt ipsum consequat.', 'https://via.placeholder.com/400/', 'https://via.placeholder.com/400/?text=ICON', '2020-02-11 06:42:39'),
(105, 18, 37.798646, -122.359726, 'Ullamco aliqua ea dolore sunt deserunt officia. Quis ex culpa eu aliquip in laborum sunt irure aute quis. Ex culpa dolore excepteur cillum cillum nostrud mollit dolore est.', 'https://via.placeholder.com/400/', 'https://via.placeholder.com/400/?text=ICON', '2020-12-04 12:40:17'),
(106, 18, 37.732178, -122.447410, 'Veniam proident proident elit officia nisi. Amet esse commodo cillum nostrud tempor aliquip cupidatat proident et anim incididunt esse. Reprehenderit et cupidatat voluptate laboris nulla.', 'https://via.placeholder.com/400/', 'https://via.placeholder.com/400/?text=ICON', '2020-01-08 12:26:54'),
(107, 19, 37.799225, -122.485344, 'Ut non ex eiusmod anim consectetur dolore aliquip anim tempor elit consectetur. Ad cillum mollit consectetur excepteur consequat. Cillum tempor officia nostrud mollit ea sit labore cillum deserunt qui.', 'https://via.placeholder.com/400/', 'https://via.placeholder.com/400/?text=ICON', '2021-09-26 02:20:36'),
(108, 34, 37.725731, -122.449361, 'Proident culpa consequat reprehenderit quis qui deserunt irure occaecat. Amet ut amet id cupidatat ullamco veniam cupidatat ullamco. Sunt voluptate culpa anim in qui non.', 'https://via.placeholder.com/400/', 'https://via.placeholder.com/400/?text=ICON', '2021-05-24 04:30:21'),
(109, 14, 37.744932, -122.483126, 'Elit eu veniam labore amet ipsum duis nostrud ullamco eiusmod aliquip cupidatat consequat. Enim officia in exercitation exercitation in esse officia magna reprehenderit. Et est et sunt anim sunt.', 'https://via.placeholder.com/400/', 'https://via.placeholder.com/400/?text=ICON', '2020-11-28 12:38:07'),
(110, 29, 37.712666, -122.456504, 'Commodo fugiat aute commodo voluptate elit laboris qui aute officia aliquip officia nostrud velit. Laboris culpa tempor ex culpa. Exercitation eu proident eu ipsum culpa sit incididunt qui dolore adipisicing nisi sit eiusmod.', 'https://via.placeholder.com/400/', 'https://via.placeholder.com/400/?text=ICON', '2020-07-10 09:37:43'),
(111, 41, 37.759055, -122.382351, 'Lorem reprehenderit cillum aliquip aute veniam nulla ad aute qui minim. Sunt proident dolore non dolore adipisicing officia cupidatat consequat. Consequat excepteur proident magna id sint.', 'https://via.placeholder.com/400/', 'https://via.placeholder.com/400/?text=ICON', '2021-03-24 10:46:26'),
(112, 13, 37.748684, -122.364285, 'Nisi ad mollit aliquip cillum deserunt dolore dolor adipisicing exercitation irure fugiat eu aliqua anim. Lorem sunt consectetur quis in ipsum pariatur ut nisi exercitation fugiat. Esse dolor fugiat anim irure ea deserunt voluptate.', 'https://via.placeholder.com/400/', 'https://via.placeholder.com/400/?text=ICON', '2021-08-01 10:27:53'),
(113, 37, 37.746830, -122.392089, 'Velit non occaecat aute velit duis elit do Lorem quis voluptate tempor. Reprehenderit labore id in esse do officia culpa labore qui elit minim incididunt Lorem incididunt. Aliquip voluptate esse quis officia officia nisi cillum veniam amet tempor ad fugiat.', 'https://via.placeholder.com/400/', 'https://via.placeholder.com/400/?text=ICON', '2020-09-08 05:33:45'),
(114, 50, 37.714300, -122.428332, 'Est et anim veniam fugiat dolor ad laboris commodo. Laborum reprehenderit commodo adipisicing labore id ipsum sint. Aliqua voluptate culpa consectetur in exercitation.', 'https://via.placeholder.com/400/', 'https://via.placeholder.com/400/?text=ICON', '2020-05-03 03:15:43'),
(115, 5, 37.767620, -122.373412, 'Officia laboris reprehenderit ut commodo. Consequat veniam incididunt tempor eu nisi minim esse. Adipisicing tempor Lorem velit sunt veniam esse labore.', 'https://via.placeholder.com/400/', 'https://via.placeholder.com/400/?text=ICON', '2021-05-02 10:00:08'),
(116, 11, 37.798709, -122.431489, 'Ex aliquip ut duis eiusmod enim mollit velit eu officia est anim occaecat. Reprehenderit proident labore consequat nisi nulla sint amet velit et. Duis culpa labore tempor ad do sit.', 'https://via.placeholder.com/400/', 'https://via.placeholder.com/400/?text=ICON', '2021-10-18 06:32:03'),
(117, 24, 37.747874, -122.429514, 'Reprehenderit labore velit proident velit magna aliquip. Officia quis eiusmod minim esse culpa nulla sint. Sunt ad commodo quis reprehenderit sunt enim.', 'https://via.placeholder.com/400/', 'https://via.placeholder.com/400/?text=ICON', '2021-08-20 01:27:08'),
(118, 11, 37.796748, -122.413788, 'Id enim officia veniam velit id in. Amet consectetur sint non reprehenderit officia ut. Ex laboris dolore culpa aliqua elit cupidatat aliqua aliquip est.', 'https://via.placeholder.com/400/', 'https://via.placeholder.com/400/?text=ICON', '2020-05-06 11:32:40'),
(119, 18, 37.727852, -122.482709, 'Mollit exercitation in minim sit ullamco velit ea ea mollit esse reprehenderit consequat. Lorem nulla exercitation nostrud duis fugiat do sint. Ea veniam quis ad occaecat aute Lorem ea mollit pariatur anim aute.', 'https://via.placeholder.com/400/', 'https://via.placeholder.com/400/?text=ICON', '2021-09-07 09:44:50'),
(120, 4, 37.713095, -122.393897, 'Sint id eu eu cupidatat. Incididunt labore mollit voluptate sit ad velit reprehenderit. Eiusmod labore incididunt minim voluptate aliqua duis est veniam laboris veniam incididunt.', 'https://via.placeholder.com/400/', 'https://via.placeholder.com/400/?text=ICON', '2020-01-04 08:11:38'),
(121, 33, 37.713410, -122.364446, 'Commodo velit qui aliqua ut ullamco. In officia officia velit et laborum sit esse eiusmod laborum. Fugiat reprehenderit quis commodo elit sit sit est qui.', 'https://via.placeholder.com/400/', 'https://via.placeholder.com/400/?text=ICON', '2020-05-02 02:40:05'),
(122, 7, 37.762178, -122.447522, 'Veniam do aute adipisicing excepteur quis commodo ad cupidatat nisi mollit eiusmod aute nostrud. Laboris laboris in commodo sunt occaecat commodo laborum. Sint adipisicing sit laborum ut consequat exercitation elit ullamco consequat.', 'https://via.placeholder.com/400/', 'https://via.placeholder.com/400/?text=ICON', '2020-09-04 11:02:24'),
(123, 11, 37.750789, -122.479055, 'Lorem consequat sint laborum pariatur ex reprehenderit voluptate aliquip anim voluptate sunt anim ea consectetur. Veniam ut ea ex culpa mollit nisi ullamco nostrud Lorem et. Et nostrud do consequat dolore sunt elit quis nostrud commodo.', 'https://via.placeholder.com/400/', 'https://via.placeholder.com/400/?text=ICON', '2020-06-12 04:28:01'),
(124, 31, 37.733747, -122.406391, 'Laboris irure eu deserunt officia deserunt est aliquip dolore fugiat cupidatat ad magna sint. Incididunt sunt exercitation tempor fugiat excepteur sit est cillum. Veniam veniam dolore labore nulla cillum.', 'https://via.placeholder.com/400/', 'https://via.placeholder.com/400/?text=ICON', '2020-10-28 02:24:44'),
(125, 50, 37.727276, -122.386934, 'Consequat qui eu sunt duis enim nulla commodo. Veniam esse non reprehenderit dolore proident nostrud exercitation aliqua. Tempor est voluptate aliquip mollit non sint veniam laborum eu quis velit aute voluptate ex.', 'https://via.placeholder.com/400/', 'https://via.placeholder.com/400/?text=ICON', '2020-05-04 08:42:45'),
(126, 16, 37.785945, -122.417886, 'Fugiat ea mollit incididunt Lorem laboris minim nostrud occaecat enim. Fugiat excepteur duis dolor non nulla amet ea adipisicing culpa Lorem laborum qui. Esse aliqua nostrud amet id.', 'https://via.placeholder.com/400/', 'https://via.placeholder.com/400/?text=ICON', '2020-03-25 02:36:02'),
(127, 44, 37.728785, -122.373513, 'Reprehenderit nisi eiusmod cupidatat dolor esse pariatur amet. Nisi exercitation ad dolore officia magna cillum aliqua dolor aute. Incididunt nostrud culpa duis fugiat labore enim culpa et et minim.', 'https://via.placeholder.com/400/', 'https://via.placeholder.com/400/?text=ICON', '2020-07-03 11:55:59'),
(128, 2, 37.708872, -122.361923, 'Qui voluptate ea sit sint. Est est reprehenderit laboris sit irure duis consectetur. Enim ullamco nostrud consectetur ullamco.', 'https://via.placeholder.com/400/', 'https://via.placeholder.com/400/?text=ICON', '2020-12-26 11:39:54'),
(129, 1, 37.787906, -122.447844, 'Ex et enim sint non nulla cupidatat. Laboris esse sunt elit deserunt. Consequat anim eu incididunt ex deserunt.', 'https://via.placeholder.com/400/', 'https://via.placeholder.com/400/?text=ICON', '2021-05-16 02:42:43'),
(130, 19, 37.719773, -122.457321, 'Sit nisi pariatur amet mollit est tempor sunt duis ullamco enim consequat fugiat. Laborum nisi excepteur ipsum ex est sunt ipsum commodo culpa. Qui mollit officia aliquip do aliquip et commodo.', 'https://via.placeholder.com/400/', 'https://via.placeholder.com/400/?text=ICON', '2021-04-25 07:24:30'),
(131, 30, 37.762401, -122.503621, 'Tempor ipsum magna ullamco elit culpa laborum incididunt anim ex elit enim laborum dolore. Nostrud non nostrud ullamco sit aute duis Lorem non. Nulla ut nostrud fugiat aute magna fugiat aliqua commodo consectetur ullamco magna dolore id.', 'https://via.placeholder.com/400/', 'https://via.placeholder.com/400/?text=ICON', '2021-10-20 05:56:27'),
(132, 40, 37.728264, -122.440380, 'Eiusmod et esse incididunt esse cillum ullamco adipisicing voluptate eiusmod id irure esse adipisicing. Cupidatat sit voluptate consequat nisi sit quis. Fugiat duis nisi adipisicing ea est id cupidatat ut mollit consequat.', 'https://via.placeholder.com/400/', 'https://via.placeholder.com/400/?text=ICON', '2021-07-06 12:47:27'),
(133, 41, 37.753044, -122.456269, 'Irure Lorem aute nulla elit officia aliquip ad. Sint occaecat magna nostrud proident cillum esse consectetur reprehenderit fugiat nulla proident et nulla anim. Sunt minim veniam cillum consequat reprehenderit.', 'https://via.placeholder.com/400/', 'https://via.placeholder.com/400/?text=ICON', '2021-06-17 02:17:15'),
(134, 23, 37.719765, -122.484359, 'Irure ad anim ad nisi. Proident ullamco eu voluptate aliquip non. Dolor in anim dolor ut laboris aute Lorem veniam Lorem labore amet.', 'https://via.placeholder.com/400/', 'https://via.placeholder.com/400/?text=ICON', '2020-07-13 12:31:48'),
(135, 20, 37.710669, -122.477901, 'Cupidatat consectetur sit labore ex eiusmod aute tempor. Consequat ea minim tempor cillum quis dolore. Tempor consequat reprehenderit sit ipsum aliquip et deserunt commodo.', 'https://via.placeholder.com/400/', 'https://via.placeholder.com/400/?text=ICON', '2020-01-15 04:41:50'),
(136, 8, 37.789572, -122.383395, 'Est et amet mollit adipisicing mollit irure aute exercitation elit. Sit sunt excepteur exercitation est ea cupidatat aliqua quis sit esse aliquip culpa fugiat. Velit ullamco proident esse pariatur mollit incididunt sint occaecat dolor et voluptate incididunt.', 'https://via.placeholder.com/400/', 'https://via.placeholder.com/400/?text=ICON', '2020-09-21 05:47:41'),
(137, 45, 37.747846, -122.463928, 'Excepteur consectetur duis pariatur ullamco magna culpa Lorem est adipisicing excepteur dolor labore laboris excepteur. In consectetur non irure occaecat proident aliquip consequat proident do sunt aliquip. Labore aute tempor excepteur laboris dolor cillum in.', 'https://via.placeholder.com/400/', 'https://via.placeholder.com/400/?text=ICON', '2021-02-27 10:03:54'),
(138, 38, 37.777910, -122.506333, 'Aliqua in ipsum non velit laboris. Ea tempor aliquip adipisicing cupidatat fugiat et ex qui est nisi magna consectetur sint. Sunt est duis consequat nisi aliquip id.', 'https://via.placeholder.com/400/', 'https://via.placeholder.com/400/?text=ICON', '2020-08-02 03:42:32'),
(139, 3, 37.770323, -122.367200, 'Cupidatat officia magna voluptate laborum. Aute ullamco sit anim ea. Minim sunt ipsum aliquip tempor aute sit id.', 'https://via.placeholder.com/400/', 'https://via.placeholder.com/400/?text=ICON', '2020-07-01 06:23:19'),
(140, 21, 37.794031, -122.394742, 'Enim est aliquip cupidatat velit mollit. Voluptate elit labore ullamco dolor id in dolor. Nisi duis ex occaecat exercitation enim Lorem id est.', 'https://via.placeholder.com/400/', 'https://via.placeholder.com/400/?text=ICON', '2021-02-25 10:49:46'),
(141, 45, 37.718606, -122.404955, 'Esse laborum ut enim adipisicing. Veniam minim eu nostrud eu ut veniam velit aliquip sunt laboris sint in labore. Eu non irure non ut proident duis.', 'https://via.placeholder.com/400/', 'https://via.placeholder.com/400/?text=ICON', '2021-09-13 01:48:26'),
(142, 23, 37.791958, -122.373686, 'Sunt irure duis aliqua dolor aute esse Lorem anim sunt et aliquip excepteur laborum esse. Ut officia id qui sit ipsum enim ea dolor minim. Sit incididunt qui tempor id irure commodo magna pariatur aliqua aliqua occaecat.', 'https://via.placeholder.com/400/', 'https://via.placeholder.com/400/?text=ICON', '2021-06-02 09:01:00'),
(143, 36, 37.728816, -122.435813, 'Laboris elit non nisi nostrud laborum magna id sint cillum pariatur nulla. Eiusmod laborum magna voluptate nulla. Ea ut pariatur quis ut adipisicing qui exercitation do enim in dolore laborum sint.', 'https://via.placeholder.com/400/', 'https://via.placeholder.com/400/?text=ICON', '2021-07-12 11:26:48'),
(144, 17, 37.778600, -122.451093, 'Sint occaecat id labore velit excepteur mollit ad magna enim aliqua. Deserunt eu pariatur aute esse veniam Lorem deserunt velit fugiat anim incididunt cillum sit et. Sint enim sint mollit irure cupidatat dolor ullamco minim pariatur tempor.', 'https://via.placeholder.com/400/', 'https://via.placeholder.com/400/?text=ICON', '2021-10-30 07:51:37'),
(145, 19, 37.779745, -122.458302, 'Irure duis ea sunt commodo non est. Quis exercitation aliquip irure occaecat dolor eu magna nulla irure occaecat elit officia. Adipisicing aute esse nostrud dolore consequat amet veniam amet duis commodo dolor.', 'https://via.placeholder.com/400/', 'https://via.placeholder.com/400/?text=ICON', '2020-11-17 12:25:28'),
(146, 19, 37.794804, -122.413126, 'Magna sunt in in commodo. Magna elit incididunt ut aute non in aute nulla amet aute laborum. Anim excepteur irure consectetur sit irure eu velit adipisicing officia commodo.', 'https://via.placeholder.com/400/', 'https://via.placeholder.com/400/?text=ICON', '2021-11-06 06:23:34');
INSERT INTO `track_locations` (`id`, `venue_id`, `lat`, `lng`, `description`, `photo`, `icon`, `date_create`) VALUES
(147, 16, 37.799377, -122.363485, 'Minim cillum labore velit est esse. Officia sunt fugiat mollit sit ea cupidatat. Aute amet consequat esse occaecat laborum nostrud.', 'https://via.placeholder.com/400/', 'https://via.placeholder.com/400/?text=ICON', '2021-09-07 06:36:47'),
(148, 48, 37.736286, -122.397409, 'Consequat sint magna et ut ipsum aute qui ea esse ad. Non aute laboris aliqua velit culpa adipisicing mollit nisi magna cillum nisi laborum qui pariatur. Esse sunt esse tempor et labore.', 'https://via.placeholder.com/400/', 'https://via.placeholder.com/400/?text=ICON', '2021-03-01 10:14:25'),
(149, 26, 37.793105, -122.477712, 'Esse laborum occaecat aliqua do ut eiusmod sit quis consectetur. Aliqua cillum adipisicing voluptate nulla consectetur aliqua nostrud magna minim. Exercitation sunt culpa anim non sunt voluptate irure veniam ipsum cillum velit.', 'https://via.placeholder.com/400/', 'https://via.placeholder.com/400/?text=ICON', '2021-06-18 02:52:37'),
(150, 47, 37.754398, -122.502648, 'Sit et enim excepteur sit culpa quis enim amet occaecat cillum dolor ex irure esse. Nulla tempor aute nisi tempor aliqua labore anim aute irure enim nostrud. Sunt id do qui aute proident excepteur esse irure aliquip ut laboris quis aliqua cupidatat.', 'https://via.placeholder.com/400/', 'https://via.placeholder.com/400/?text=ICON', '2021-01-08 11:53:55'),
(151, 38, 37.797224, -122.457303, 'Labore sint laboris id cupidatat est do culpa esse ut. Amet minim occaecat dolor mollit minim enim consequat commodo. Id tempor cillum minim laboris ad velit tempor ad eu eu.', 'https://via.placeholder.com/400/', 'https://via.placeholder.com/400/?text=ICON', '2020-06-17 03:08:59'),
(152, 47, 37.720688, -122.394562, 'Reprehenderit sit fugiat ex consequat est culpa proident velit sint labore mollit proident laborum ipsum. Commodo incididunt laborum nostrud mollit dolor adipisicing adipisicing nulla ea amet irure qui quis. Nulla laboris nisi aliqua velit velit reprehenderit Lorem eu amet amet.', 'https://via.placeholder.com/400/', 'https://via.placeholder.com/400/?text=ICON', '2021-09-03 10:13:59'),
(153, 32, 37.745062, -122.488195, 'Consectetur incididunt occaecat nisi laborum sunt aute eu et laborum aute duis ea. Duis est aliqua velit sint cupidatat ex. Officia ut exercitation sit in mollit magna veniam fugiat elit.', 'https://via.placeholder.com/400/', 'https://via.placeholder.com/400/?text=ICON', '2020-10-15 02:20:57'),
(154, 45, 37.753894, -122.484253, 'Reprehenderit anim esse commodo et. Nisi et non est ex magna elit consectetur ea ut irure. Ex duis eiusmod laborum sint elit in voluptate exercitation culpa magna enim reprehenderit nisi.', 'https://via.placeholder.com/400/', 'https://via.placeholder.com/400/?text=ICON', '2020-08-19 09:50:50'),
(155, 42, 37.789578, -122.427451, 'Ullamco excepteur consequat fugiat eiusmod ullamco in mollit non. Amet irure ullamco veniam in. Veniam id esse in ad consectetur ipsum sint veniam qui.', 'https://via.placeholder.com/400/', 'https://via.placeholder.com/400/?text=ICON', '2020-02-28 10:11:44'),
(156, 1, 37.782339, -122.484756, 'Dolore duis nostrud aliqua et enim. Incididunt mollit consectetur deserunt eu sunt cillum consequat do elit ex veniam. Incididunt quis aute culpa occaecat nostrud laboris.', 'https://via.placeholder.com/400/', 'https://via.placeholder.com/400/?text=ICON', '2020-08-27 06:07:55'),
(157, 49, 37.749772, -122.492407, 'Esse adipisicing enim et ad minim elit aliquip. Aute laboris nulla ad ex cupidatat sint voluptate velit exercitation sunt dolore. Elit amet anim voluptate dolore laborum amet aliqua laboris ea et non.', 'https://via.placeholder.com/400/', 'https://via.placeholder.com/400/?text=ICON', '2020-04-30 01:30:37'),
(158, 22, 37.759854, -122.392959, 'Elit dolor anim quis nisi proident consectetur id reprehenderit commodo ut irure est. Exercitation mollit non tempor proident minim commodo. Aliqua pariatur commodo sit adipisicing eiusmod ullamco laboris excepteur ipsum quis.', 'https://via.placeholder.com/400/', 'https://via.placeholder.com/400/?text=ICON', '2020-08-22 05:54:17'),
(159, 41, 37.747579, -122.365054, 'Laborum amet ea quis duis consequat ullamco reprehenderit. Nostrud adipisicing laboris elit eu do ullamco aliquip non veniam minim labore pariatur sunt. Dolor dolore do enim ad culpa irure est non incididunt reprehenderit.', 'https://via.placeholder.com/400/', 'https://via.placeholder.com/400/?text=ICON', '2020-04-16 06:51:37'),
(160, 48, 37.744301, -122.492605, 'Aliquip quis veniam incididunt occaecat excepteur deserunt commodo enim aute. Excepteur amet reprehenderit ad qui qui fugiat magna mollit eu officia ut tempor. Et dolor sit et consequat velit ea cupidatat magna veniam et.', 'https://via.placeholder.com/400/', 'https://via.placeholder.com/400/?text=ICON', '2020-02-13 12:07:23'),
(161, 12, 37.742897, -122.367559, 'Pariatur sit id ullamco eu mollit id irure labore do. Magna fugiat officia aute enim eu consectetur velit exercitation. Cillum aliquip nisi nulla adipisicing sit ea laboris.', 'https://via.placeholder.com/400/', 'https://via.placeholder.com/400/?text=ICON', '2020-03-28 11:42:09'),
(162, 49, 37.772043, -122.510571, 'Anim ad culpa enim ad commodo culpa. Laborum consectetur culpa magna officia proident laborum qui. Ex sit laborum occaecat exercitation magna nulla qui in aute.', 'https://via.placeholder.com/400/', 'https://via.placeholder.com/400/?text=ICON', '2020-05-27 06:10:52'),
(163, 48, 37.724806, -122.442673, 'Enim occaecat velit consectetur amet est adipisicing sint. Pariatur fugiat aliquip aliquip nostrud. Non nostrud pariatur aliqua consequat tempor do culpa ut anim commodo exercitation exercitation.', 'https://via.placeholder.com/400/', 'https://via.placeholder.com/400/?text=ICON', '2020-03-26 06:04:44'),
(164, 46, 37.753649, -122.361128, 'Ad nisi officia reprehenderit occaecat labore ad sit quis est adipisicing nulla. Consectetur do non non nulla dolore. Anim sint occaecat nulla dolor duis id eiusmod ea reprehenderit.', 'https://via.placeholder.com/400/', 'https://via.placeholder.com/400/?text=ICON', '2021-07-02 11:02:33'),
(165, 25, 37.713367, -122.386931, 'Anim pariatur id sint veniam tempor qui dolor sunt ullamco est id esse est elit. Adipisicing laborum veniam adipisicing mollit. Ipsum ad ipsum voluptate do consectetur voluptate voluptate dolor commodo nisi amet non enim exercitation.', 'https://via.placeholder.com/400/', 'https://via.placeholder.com/400/?text=ICON', '2020-10-06 05:36:47'),
(166, 27, 37.749789, -122.388736, 'Sit do tempor incididunt tempor id eiusmod eiusmod eiusmod. Mollit nulla qui minim adipisicing. Ut anim mollit nisi ut magna pariatur deserunt.', 'https://via.placeholder.com/400/', 'https://via.placeholder.com/400/?text=ICON', '2020-09-15 08:08:10'),
(167, 10, 37.770657, -122.480341, 'Incididunt duis excepteur occaecat occaecat minim eu. Voluptate consequat aute excepteur do dolore reprehenderit consectetur. Aliqua adipisicing eu quis eiusmod irure esse ut consectetur deserunt proident sint.', 'https://via.placeholder.com/400/', 'https://via.placeholder.com/400/?text=ICON', '2021-04-19 06:57:26'),
(168, 43, 37.737232, -122.428344, 'Esse laborum deserunt ipsum exercitation reprehenderit in officia est ad. Amet id aliquip quis et id. Sint nostrud esse cillum veniam excepteur minim mollit culpa nisi deserunt pariatur commodo in cupidatat.', 'https://via.placeholder.com/400/', 'https://via.placeholder.com/400/?text=ICON', '2020-06-20 04:34:19'),
(169, 5, 37.760186, -122.387683, 'Nulla laboris anim non officia. Nostrud in in elit tempor mollit qui quis. Dolore qui consectetur eu ad incididunt quis consectetur incididunt et cupidatat laborum ad minim.', 'https://via.placeholder.com/400/', 'https://via.placeholder.com/400/?text=ICON', '2020-06-24 08:12:15'),
(170, 45, 37.758249, -122.427026, 'Amet nulla do reprehenderit laborum pariatur cupidatat sit consequat dolore. Ut deserunt esse proident magna ad minim anim sit qui eu sit exercitation. Proident anim ea laboris velit dolore eu ea exercitation ut tempor.', 'https://via.placeholder.com/400/', 'https://via.placeholder.com/400/?text=ICON', '2021-01-29 05:04:21'),
(171, 20, 37.773166, -122.392813, 'Reprehenderit nisi ad culpa velit in aliqua exercitation in sunt cupidatat commodo. Est ullamco dolor ipsum elit non. Est amet ipsum nostrud laboris deserunt pariatur magna duis.', 'https://via.placeholder.com/400/', 'https://via.placeholder.com/400/?text=ICON', '2021-11-12 02:36:09'),
(172, 8, 37.794227, -122.438499, 'Enim sit mollit veniam do mollit cillum occaecat labore. Laborum minim aliquip reprehenderit sit commodo incididunt non. Et ex labore amet sint cupidatat velit eiusmod sit sit duis ut ex pariatur.', 'https://via.placeholder.com/400/', 'https://via.placeholder.com/400/?text=ICON', '2021-01-05 03:48:15'),
(173, 32, 37.795277, -122.396424, 'Aliquip nulla fugiat cupidatat veniam. Non nostrud eiusmod esse adipisicing magna dolore. Irure qui ullamco cupidatat labore dolore.', 'https://via.placeholder.com/400/', 'https://via.placeholder.com/400/?text=ICON', '2021-07-13 01:52:51'),
(174, 40, 37.723732, -122.451865, 'Ex pariatur do aliquip eu. Pariatur consectetur cillum dolore commodo irure occaecat occaecat est cillum ex reprehenderit dolor. Aliqua magna sint et ea veniam excepteur dolore ex.', 'https://via.placeholder.com/400/', 'https://via.placeholder.com/400/?text=ICON', '2021-09-08 06:04:43'),
(175, 40, 37.725426, -122.472348, 'Do tempor ex quis aliquip incididunt do sint ipsum fugiat labore. Et in minim ipsum nulla eiusmod. Laboris aute est ea commodo ad proident ea aliqua nostrud veniam.', 'https://via.placeholder.com/400/', 'https://via.placeholder.com/400/?text=ICON', '2020-08-03 06:17:37'),
(176, 28, 37.711913, -122.430833, 'Occaecat labore nisi minim in Lorem cupidatat sunt aute. Ad dolore ipsum sunt minim ut deserunt excepteur dolore laboris laboris pariatur commodo commodo. Nisi excepteur labore ex incididunt enim adipisicing magna ad sint tempor sint et.', 'https://via.placeholder.com/400/', 'https://via.placeholder.com/400/?text=ICON', '2021-11-01 12:03:24'),
(177, 41, 37.766034, -122.438357, 'Nisi do aliqua ad non. Anim exercitation consequat officia ad. Non proident cupidatat qui sunt eu occaecat mollit magna Lorem do laborum eiusmod.', 'https://via.placeholder.com/400/', 'https://via.placeholder.com/400/?text=ICON', '2020-05-19 05:45:54'),
(178, 10, 37.746897, -122.394729, 'Nisi et aliquip sint irure qui id velit sunt consequat. Reprehenderit magna proident irure enim incididunt. Exercitation cillum et consectetur mollit proident labore quis proident aliquip nisi occaecat ipsum.', 'https://via.placeholder.com/400/', 'https://via.placeholder.com/400/?text=ICON', '2021-07-15 11:03:09'),
(179, 42, 37.736058, -122.508580, 'Cupidatat sint nisi quis culpa aliqua amet tempor. Sit in nisi aliqua ad do commodo esse eiusmod dolor officia commodo. Nulla et minim reprehenderit aute qui consectetur sint officia exercitation.', 'https://via.placeholder.com/400/', 'https://via.placeholder.com/400/?text=ICON', '2020-05-28 02:05:34'),
(180, 2, 37.726853, -122.395847, 'Lorem minim eiusmod eiusmod aliquip do non veniam exercitation laborum eu incididunt magna. Eiusmod exercitation culpa voluptate cillum dolore aute consectetur dolore aliqua est incididunt. Consectetur magna aliquip minim irure aute culpa consectetur ad consequat aliquip aliqua.', 'https://via.placeholder.com/400/', 'https://via.placeholder.com/400/?text=ICON', '2021-01-30 12:31:00'),
(181, 3, 37.724740, -122.421530, 'Ullamco est ex et reprehenderit aliqua aute ea magna labore veniam ex elit laborum aute. Consequat esse ad voluptate proident dolor mollit ea veniam aliqua. Qui in cupidatat incididunt et do aliquip est tempor.', 'https://via.placeholder.com/400/', 'https://via.placeholder.com/400/?text=ICON', '2021-07-31 05:28:57'),
(182, 30, 37.716962, -122.420737, 'Laborum proident magna officia labore do ut occaecat. Nulla aliqua sunt occaecat esse culpa reprehenderit. Sunt aliquip amet est esse ut esse esse proident elit nulla consequat cupidatat.', 'https://via.placeholder.com/400/', 'https://via.placeholder.com/400/?text=ICON', '2020-02-10 07:53:58'),
(183, 31, 37.753839, -122.455286, 'Sunt ullamco velit elit amet esse pariatur duis eiusmod est qui tempor excepteur deserunt. Reprehenderit esse esse dolor reprehenderit esse culpa magna culpa. Lorem enim in enim esse fugiat exercitation incididunt.', 'https://via.placeholder.com/400/', 'https://via.placeholder.com/400/?text=ICON', '2020-09-04 04:55:15'),
(184, 48, 37.770369, -122.453076, 'Velit veniam elit consequat officia dolor ipsum adipisicing veniam. Amet laboris quis reprehenderit eu proident tempor labore eiusmod Lorem. Sint pariatur consectetur irure duis.', 'https://via.placeholder.com/400/', 'https://via.placeholder.com/400/?text=ICON', '2021-03-24 11:50:04'),
(185, 11, 37.773247, -122.436207, 'Fugiat in nulla ea veniam reprehenderit qui et. Pariatur amet ex culpa consequat exercitation aliqua sunt anim. Deserunt ea cupidatat elit non quis incididunt minim nostrud duis.', 'https://via.placeholder.com/400/', 'https://via.placeholder.com/400/?text=ICON', '2021-02-13 06:17:28'),
(186, 16, 37.743341, -122.453058, 'Nostrud nisi nostrud enim consequat duis. Tempor nisi duis officia eu nostrud dolor elit do. Incididunt esse consequat consectetur laborum eu quis irure id velit sint eiusmod.', 'https://via.placeholder.com/400/', 'https://via.placeholder.com/400/?text=ICON', '2020-07-20 10:56:26'),
(187, 12, 37.791796, -122.437426, 'Ex elit non enim minim sint ut qui. Tempor eu duis tempor ut aute voluptate do sint ipsum. Sit deserunt cillum quis commodo veniam enim.', 'https://via.placeholder.com/400/', 'https://via.placeholder.com/400/?text=ICON', '2021-05-11 08:13:40'),
(188, 43, 37.800294, -122.437373, 'Minim adipisicing voluptate velit occaecat elit consequat aliquip ad dolore quis Lorem amet ex. Mollit nulla Lorem ea occaecat laborum elit dolor officia laboris cupidatat occaecat. Adipisicing aliquip ea magna occaecat eu cillum veniam dolor mollit.', 'https://via.placeholder.com/400/', 'https://via.placeholder.com/400/?text=ICON', '2020-10-23 02:16:39'),
(189, 31, 37.760243, -122.399732, 'Consequat ullamco magna magna deserunt cupidatat quis mollit. Ex ut veniam proident commodo Lorem aliquip irure occaecat magna quis commodo. Elit cupidatat pariatur minim aliqua ullamco.', 'https://via.placeholder.com/400/', 'https://via.placeholder.com/400/?text=ICON', '2021-06-05 06:35:55'),
(190, 48, 37.766293, -122.405875, 'Incididunt fugiat consequat sint est pariatur id exercitation aute veniam et. Consectetur esse pariatur esse adipisicing consequat eiusmod id ut. Nostrud proident cillum ullamco anim proident quis enim cillum dolore duis cillum nisi nulla ipsum.', 'https://via.placeholder.com/400/', 'https://via.placeholder.com/400/?text=ICON', '2021-04-06 01:24:20'),
(191, 39, 37.714164, -122.507385, 'Sunt eu irure elit commodo nisi veniam non est veniam reprehenderit dolor excepteur. Sit et non nisi ad cupidatat est elit deserunt nostrud ut. Reprehenderit nulla dolore Lorem sit do sint magna Lorem consequat fugiat pariatur.', 'https://via.placeholder.com/400/', 'https://via.placeholder.com/400/?text=ICON', '2020-03-21 09:21:31'),
(192, 8, 37.715680, -122.397596, 'Elit qui officia labore adipisicing. Est nulla officia enim irure ipsum excepteur esse in ex voluptate. Adipisicing elit excepteur nostrud officia officia cupidatat anim est nisi nulla consequat.', 'https://via.placeholder.com/400/', 'https://via.placeholder.com/400/?text=ICON', '2021-11-09 01:49:52'),
(193, 34, 37.782900, -122.435633, 'Occaecat officia aute amet commodo aliqua dolore nostrud non nulla non. Occaecat commodo enim culpa duis ipsum cupidatat aliquip minim. Nostrud ut commodo sunt velit magna consectetur sunt occaecat.', 'https://via.placeholder.com/400/', 'https://via.placeholder.com/400/?text=ICON', '2021-09-17 01:39:21'),
(194, 8, 37.799390, -122.511915, 'Aliquip eu ad veniam Lorem deserunt nostrud in minim est eiusmod et eu ut. Quis irure incididunt aliquip fugiat culpa id Lorem. Exercitation sunt exercitation ut laborum nostrud ut fugiat occaecat labore dolor nulla velit minim.', 'https://via.placeholder.com/400/', 'https://via.placeholder.com/400/?text=ICON', '2021-01-09 09:23:15'),
(195, 26, 37.769695, -122.425177, 'Commodo quis ut tempor officia tempor occaecat qui ut aliquip quis irure dolore officia. Elit fugiat sint anim pariatur minim do minim esse elit. Ea enim anim magna do irure elit fugiat consectetur et nisi ut cillum.', 'https://via.placeholder.com/400/', 'https://via.placeholder.com/400/?text=ICON', '2021-10-21 06:00:04'),
(196, 23, 37.713684, -122.372241, 'Occaecat laboris fugiat proident ad nisi officia veniam consectetur aute. Reprehenderit minim magna excepteur minim dolore ad officia labore in irure eu eu tempor officia. Ullamco cupidatat nulla cillum laboris in incididunt ullamco velit fugiat.', 'https://via.placeholder.com/400/', 'https://via.placeholder.com/400/?text=ICON', '2021-06-04 07:18:43'),
(197, 44, 37.707548, -122.494400, 'Occaecat sunt sit dolore eu deserunt nostrud est eiusmod magna fugiat occaecat ullamco. Pariatur amet mollit qui ea velit enim voluptate do qui ad et ea nisi. Ullamco mollit aliqua magna minim est aute dolore.', 'https://via.placeholder.com/400/', 'https://via.placeholder.com/400/?text=ICON', '2020-05-17 06:38:24'),
(198, 33, 37.771700, -122.396246, 'Aliqua excepteur ad ullamco veniam elit dolore ullamco in. Elit ut qui qui reprehenderit dolore sunt. Ea et amet in ex officia consequat enim qui proident amet nostrud.', 'https://via.placeholder.com/400/', 'https://via.placeholder.com/400/?text=ICON', '2021-11-03 02:13:06'),
(199, 42, 37.786577, -122.448468, 'Mollit incididunt dolore aute dolor velit tempor duis quis consequat aute nisi elit mollit aliquip. Aute quis excepteur exercitation eu aliquip officia. Sunt eiusmod laboris sint dolore eiusmod sint eu consectetur aliqua ut velit excepteur voluptate.', 'https://via.placeholder.com/400/', 'https://via.placeholder.com/400/?text=ICON', '2021-02-28 01:33:09'),
(200, 44, 37.738335, -122.421094, 'Ea aliquip enim quis Lorem cillum ipsum id. Pariatur laborum sit nostrud duis nulla eiusmod sunt velit culpa magna velit. Magna voluptate enim excepteur exercitation.', 'https://via.placeholder.com/400/', 'https://via.placeholder.com/400/?text=ICON', '2021-02-11 02:43:28'),
(201, 7, 37.753831, -122.369426, 'Ea in ea sint sunt esse sint esse ex laboris laborum enim nulla minim labore. Reprehenderit minim irure anim duis ut consequat ipsum aliqua. Proident eiusmod laboris aliqua incididunt eiusmod reprehenderit culpa exercitation id cillum proident tempor.', 'https://via.placeholder.com/400/', 'https://via.placeholder.com/400/?text=ICON', '2020-09-28 06:06:25'),
(202, 36, 37.777531, -122.410528, 'Ullamco officia cillum elit ad deserunt. Ut ad excepteur et ipsum duis minim. Officia mollit ullamco amet ea.', 'https://via.placeholder.com/400/', 'https://via.placeholder.com/400/?text=ICON', '2020-10-08 03:19:39'),
(203, 23, 37.730432, -122.423987, 'Quis irure excepteur dolor consequat exercitation esse et non. Ipsum commodo quis exercitation laborum ea reprehenderit est. Fugiat nulla sit ipsum officia veniam ea laborum ea ad elit.', 'https://via.placeholder.com/400/', 'https://via.placeholder.com/400/?text=ICON', '2021-11-20 09:42:42'),
(204, 38, 37.753926, -122.432058, 'Voluptate minim voluptate sint proident sunt ad pariatur amet incididunt do officia aliquip Lorem. Tempor voluptate ullamco in irure eiusmod ut esse qui ea mollit. Do sunt irure minim esse proident exercitation aliqua enim ipsum pariatur consequat qui.', 'https://via.placeholder.com/400/', 'https://via.placeholder.com/400/?text=ICON', '2021-07-21 12:32:11'),
(205, 23, 37.772632, -122.463374, 'Sit esse pariatur nostrud enim sunt veniam laboris laborum. Labore laboris labore pariatur nostrud eiusmod pariatur excepteur deserunt consectetur. Dolor eu laborum id sit veniam proident et nisi est.', 'https://via.placeholder.com/400/', 'https://via.placeholder.com/400/?text=ICON', '2021-01-26 08:23:29'),
(206, 38, 37.750889, -122.391407, 'Est cillum culpa cupidatat nisi excepteur tempor aliquip ullamco sit eiusmod labore ullamco. Adipisicing dolor ullamco magna nostrud ullamco tempor qui proident ad velit. Eiusmod ad culpa exercitation Lorem.', 'https://via.placeholder.com/400/', 'https://via.placeholder.com/400/?text=ICON', '2021-10-11 04:30:50'),
(207, 4, 37.791217, -122.480380, 'Consequat occaecat et consequat aliqua culpa in aliqua pariatur ullamco nisi reprehenderit ex esse irure. Pariatur velit ipsum aliqua laborum aute ullamco Lorem esse. Veniam ipsum irure voluptate id duis est occaecat consectetur est.', 'https://via.placeholder.com/400/', 'https://via.placeholder.com/400/?text=ICON', '2020-01-10 02:45:06'),
(208, 36, 37.712577, -122.457323, 'Voluptate incididunt irure qui ea consequat esse reprehenderit. Ex incididunt duis fugiat aliquip sint consectetur. In adipisicing irure laborum aliquip eiusmod amet.', 'https://via.placeholder.com/400/', 'https://via.placeholder.com/400/?text=ICON', '2021-11-11 06:11:15'),
(209, 26, 37.713147, -122.458108, 'Commodo est dolore non elit culpa non ut commodo quis reprehenderit nulla. Qui ullamco culpa labore nisi sint culpa eu cillum mollit veniam veniam voluptate nisi adipisicing. Irure culpa labore dolor consectetur et ullamco laborum magna eu.', 'https://via.placeholder.com/400/', 'https://via.placeholder.com/400/?text=ICON', '2021-06-22 08:14:19'),
(210, 1, 37.731303, -122.376880, 'Voluptate eiusmod cupidatat fugiat excepteur eiusmod nulla. Velit nostrud qui est consequat ipsum. Qui ullamco consequat consequat aute minim proident do.', 'https://via.placeholder.com/400/', 'https://via.placeholder.com/400/?text=ICON', '2020-09-04 09:53:14'),
(211, 43, 37.713086, -122.439138, 'Veniam esse proident nulla quis dolor. Pariatur duis minim pariatur cupidatat amet quis consequat. Ea aliquip esse labore aliquip consequat aute aliqua aliqua laborum ex ex consectetur.', 'https://via.placeholder.com/400/', 'https://via.placeholder.com/400/?text=ICON', '2020-09-04 06:26:20'),
(212, 23, 37.782211, -122.414887, 'In est cupidatat cillum duis. Qui veniam amet sunt Lorem velit sit tempor. Esse in tempor anim ex velit veniam pariatur eiusmod dolore Lorem.', 'https://via.placeholder.com/400/', 'https://via.placeholder.com/400/?text=ICON', '2020-04-21 03:43:31'),
(213, 22, 37.710970, -122.469630, 'Aute consequat elit tempor deserunt ea. Ut aliqua elit cupidatat esse reprehenderit ex tempor irure ex aute ex sit laboris dolore. Minim exercitation sit consequat minim do mollit ullamco occaecat consectetur.', 'https://via.placeholder.com/400/', 'https://via.placeholder.com/400/?text=ICON', '2021-02-25 11:39:11'),
(214, 37, 37.797282, -122.432334, 'Esse elit est fugiat sit ullamco excepteur labore qui qui magna exercitation fugiat ad. Elit deserunt excepteur anim consequat sunt. Magna ea pariatur proident laboris eu.', 'https://via.placeholder.com/400/', 'https://via.placeholder.com/400/?text=ICON', '2020-07-25 04:42:43'),
(215, 29, 37.732601, -122.438454, 'Non veniam aliquip commodo deserunt anim duis veniam ut consectetur esse in ipsum. Irure cupidatat ullamco excepteur sit nostrud tempor ullamco sunt culpa ad minim consequat. Ipsum do id amet dolore anim esse consectetur elit.', 'https://via.placeholder.com/400/', 'https://via.placeholder.com/400/?text=ICON', '2021-05-22 08:47:48'),
(216, 19, 37.760208, -122.398893, 'Eu duis voluptate veniam aliquip mollit ut. Ut pariatur et eiusmod ad qui. Sint ipsum do cupidatat do anim ullamco excepteur magna amet duis.', 'https://via.placeholder.com/400/', 'https://via.placeholder.com/400/?text=ICON', '2020-12-29 02:51:14'),
(217, 31, 37.746566, -122.424328, 'Aliquip do dolore nisi incididunt tempor id do laboris. Dolore est exercitation voluptate dolore sit exercitation. Minim occaecat irure enim ut elit officia aute cupidatat in ullamco duis sunt qui consequat.', 'https://via.placeholder.com/400/', 'https://via.placeholder.com/400/?text=ICON', '2021-04-07 07:11:03'),
(218, 26, 37.746675, -122.409499, 'Sit ipsum eiusmod voluptate irure deserunt officia cupidatat excepteur reprehenderit consequat ullamco nisi voluptate ipsum. Irure deserunt aliqua magna cillum aliquip amet laborum exercitation officia id aliqua amet non pariatur. Lorem reprehenderit ea anim anim in incididunt fugiat consectetur.', 'https://via.placeholder.com/400/', 'https://via.placeholder.com/400/?text=ICON', '2021-01-01 08:08:25'),
(219, 41, 37.789140, -122.478945, 'Sint dolore reprehenderit laboris anim nostrud amet velit culpa. Eu in anim in tempor velit ipsum id. Deserunt Lorem reprehenderit ad pariatur aliqua labore sit aute non anim aliqua consectetur labore nostrud.', 'https://via.placeholder.com/400/', 'https://via.placeholder.com/400/?text=ICON', '2021-08-29 11:12:51'),
(220, 27, 37.740888, -122.361429, 'Anim cillum enim incididunt sit non ut nostrud et veniam aliqua voluptate. Excepteur voluptate pariatur commodo eu et mollit laboris consectetur irure et pariatur tempor sunt. Deserunt id eiusmod ea magna deserunt veniam eiusmod minim.', 'https://via.placeholder.com/400/', 'https://via.placeholder.com/400/?text=ICON', '2020-12-12 05:42:54'),
(221, 44, 37.792704, -122.430107, 'Exercitation velit ad non in eiusmod quis occaecat cillum tempor eiusmod. Proident enim do anim duis. Esse ex cillum elit quis tempor id non elit do non labore cupidatat dolor.', 'https://via.placeholder.com/400/', 'https://via.placeholder.com/400/?text=ICON', '2020-06-25 09:00:37'),
(222, 34, 37.798610, -122.408638, 'Duis laborum magna non ut mollit aliqua mollit non aute nulla tempor exercitation. Et amet tempor irure anim. In minim consectetur culpa anim et veniam exercitation incididunt incididunt.', 'https://via.placeholder.com/400/', 'https://via.placeholder.com/400/?text=ICON', '2020-06-21 11:16:16'),
(223, 30, 37.730582, -122.504529, 'Labore enim aliquip reprehenderit laboris proident deserunt labore cillum labore eu amet. Elit esse eu proident anim nisi elit qui officia nisi elit consequat. Fugiat amet anim est incididunt cillum sint laboris labore consectetur mollit.', 'https://via.placeholder.com/400/', 'https://via.placeholder.com/400/?text=ICON', '2020-09-28 09:11:31'),
(224, 38, 37.794413, -122.425750, 'Eu eu veniam labore eu esse Lorem esse. Id cupidatat aute tempor nulla mollit in. Et aliqua adipisicing eiusmod est minim qui culpa nostrud sunt esse fugiat consequat fugiat.', 'https://via.placeholder.com/400/', 'https://via.placeholder.com/400/?text=ICON', '2021-09-28 08:45:20'),
(225, 25, 37.797792, -122.403224, 'Non ea reprehenderit sit ea irure culpa duis cupidatat duis non veniam anim. Ullamco tempor dolor sint sunt dolore enim fugiat quis voluptate. Incididunt mollit eiusmod adipisicing sint proident nulla Lorem amet elit do culpa officia.', 'https://via.placeholder.com/400/', 'https://via.placeholder.com/400/?text=ICON', '2021-10-23 04:02:34'),
(226, 12, 37.772271, -122.384290, 'Esse quis mollit excepteur id eu irure duis proident adipisicing nostrud. Exercitation nostrud tempor esse ut esse Lorem commodo nulla esse reprehenderit ea. Veniam dolor nostrud laborum consequat cillum amet amet eu qui Lorem.', 'https://via.placeholder.com/400/', 'https://via.placeholder.com/400/?text=ICON', '2020-09-20 06:37:00'),
(227, 24, 37.776217, -122.411146, 'Aliquip id veniam do ipsum adipisicing. Sit ullamco veniam ipsum consequat commodo cupidatat nisi reprehenderit culpa sint exercitation minim. Nostrud id velit ex quis non in voluptate id tempor.', 'https://via.placeholder.com/400/', 'https://via.placeholder.com/400/?text=ICON', '2020-11-01 03:22:38'),
(228, 38, 37.793493, -122.381745, 'Anim ex officia sunt nulla laborum. Consectetur esse velit anim eiusmod quis sunt labore veniam veniam amet laborum aute magna. Occaecat do duis cillum adipisicing dolore occaecat sint nostrud.', 'https://via.placeholder.com/400/', 'https://via.placeholder.com/400/?text=ICON', '2020-05-05 07:52:52'),
(229, 44, 37.712214, -122.388096, 'Quis proident minim adipisicing ea. Dolore est qui sunt enim do. Aliquip sit do adipisicing aliqua nostrud nisi ipsum sit velit.', 'https://via.placeholder.com/400/', 'https://via.placeholder.com/400/?text=ICON', '2021-06-13 07:29:30'),
(230, 18, 37.756949, -122.372236, 'Ipsum nulla exercitation dolor magna ipsum eu exercitation velit velit esse magna cupidatat officia nisi. Incididunt excepteur do mollit quis culpa laboris ullamco fugiat occaecat id irure dolore. Ex exercitation in ullamco minim labore in dolor occaecat aute dolor esse culpa.', 'https://via.placeholder.com/400/', 'https://via.placeholder.com/400/?text=ICON', '2020-12-28 06:15:30'),
(231, 44, 37.732990, -122.399738, 'Quis elit mollit ad do labore consectetur aliquip. Tempor non labore tempor do velit dolore est consectetur. Aliquip nulla ipsum sint consectetur mollit dolor ex magna culpa.', 'https://via.placeholder.com/400/', 'https://via.placeholder.com/400/?text=ICON', '2021-04-17 03:23:49'),
(232, 1, 37.794256, -122.369070, 'Nulla est cupidatat tempor aliqua consequat occaecat tempor ut. Quis proident culpa nostrud cillum anim ullamco do eiusmod laborum veniam enim aute voluptate. Sit irure adipisicing nisi reprehenderit consequat quis elit proident voluptate mollit velit.', 'https://via.placeholder.com/400/', 'https://via.placeholder.com/400/?text=ICON', '2021-04-02 02:54:45'),
(233, 22, 37.706752, -122.444224, 'Dolor magna sint Lorem veniam labore qui est reprehenderit et elit. Pariatur consectetur labore qui qui mollit commodo nisi. Amet fugiat quis id nostrud culpa voluptate quis do cillum et culpa minim nulla.', 'https://via.placeholder.com/400/', 'https://via.placeholder.com/400/?text=ICON', '2020-03-15 04:28:13'),
(234, 50, 37.706919, -122.484104, 'Lorem eiusmod reprehenderit ex anim aliqua labore magna dolor Lorem. Eu deserunt aute pariatur amet ipsum Lorem enim. Labore duis sint elit laborum minim irure minim ut ex aliquip irure mollit id exercitation.', 'https://via.placeholder.com/400/', 'https://via.placeholder.com/400/?text=ICON', '2021-07-17 11:14:01'),
(235, 21, 37.735651, -122.363872, 'Proident elit cillum occaecat aliquip duis irure. Ad dolore minim officia ex do labore Lorem anim irure aute amet nostrud eiusmod. Ipsum ut cupidatat proident anim dolor esse culpa duis sint consectetur esse cillum ullamco amet.', 'https://via.placeholder.com/400/', 'https://via.placeholder.com/400/?text=ICON', '2020-06-25 02:21:24'),
(236, 47, 37.751712, -122.488171, 'Id ex culpa aute nulla commodo anim aute quis. Ipsum adipisicing pariatur consectetur fugiat. Qui minim sint adipisicing enim nulla et anim ullamco.', 'https://via.placeholder.com/400/', 'https://via.placeholder.com/400/?text=ICON', '2021-05-24 03:14:51'),
(237, 14, 37.748206, -122.451990, 'Aliquip excepteur irure voluptate elit ex amet magna duis ullamco esse mollit in. Id labore voluptate nisi pariatur ad in elit laboris aute voluptate ut dolore quis ea. Eu amet occaecat consectetur non adipisicing consectetur est et incididunt.', 'https://via.placeholder.com/400/', 'https://via.placeholder.com/400/?text=ICON', '2021-03-07 01:57:19'),
(238, 30, 37.742625, -122.461371, 'Sunt exercitation laborum proident sint ex excepteur tempor quis sint elit consectetur. Tempor aliquip sunt do velit adipisicing labore veniam do pariatur aliquip cupidatat enim voluptate quis. Ea voluptate cupidatat qui labore.', 'https://via.placeholder.com/400/', 'https://via.placeholder.com/400/?text=ICON', '2021-03-28 04:59:10'),
(239, 22, 37.769763, -122.512738, 'Id esse exercitation tempor nisi nostrud laboris ullamco. Commodo esse eiusmod ad qui sit. Tempor do Lorem nisi laborum nisi ad duis consequat nulla magna velit tempor culpa est.', 'https://via.placeholder.com/400/', 'https://via.placeholder.com/400/?text=ICON', '2021-10-24 12:24:50'),
(240, 27, 37.767617, -122.472262, 'Eu consequat est quis sunt nostrud sit dolore minim deserunt laborum nulla laboris. Sit irure id ex labore exercitation tempor proident. Ut ipsum irure commodo in et id ullamco pariatur eu Lorem labore sint.', 'https://via.placeholder.com/400/', 'https://via.placeholder.com/400/?text=ICON', '2021-03-24 06:50:56'),
(241, 21, 37.795363, -122.412942, 'Cillum exercitation laborum dolor esse magna sunt dolore enim ullamco. Sit commodo officia sit qui qui quis ex. Esse nulla cillum ad labore nulla reprehenderit enim nostrud dolor deserunt anim officia dolore.', 'https://via.placeholder.com/400/', 'https://via.placeholder.com/400/?text=ICON', '2020-02-22 04:30:44'),
(242, 37, 37.760520, -122.423048, 'Nulla anim elit reprehenderit sint in sint cupidatat ea esse amet excepteur cillum est enim. Consequat dolore qui ipsum id incididunt esse incididunt eu esse irure eu mollit ea. Voluptate cillum dolore consectetur reprehenderit dolor velit occaecat adipisicing sit elit velit minim anim.', 'https://via.placeholder.com/400/', 'https://via.placeholder.com/400/?text=ICON', '2020-03-22 12:46:15'),
(243, 7, 37.711541, -122.495248, 'Sint elit commodo ullamco pariatur enim elit. Incididunt do enim fugiat commodo quis enim ea. Sint nostrud Lorem aliquip aute occaecat sit cupidatat dolor ipsum eu minim laborum mollit qui.', 'https://via.placeholder.com/400/', 'https://via.placeholder.com/400/?text=ICON', '2020-07-26 07:21:29'),
(244, 49, 37.756047, -122.425511, 'Esse velit in Lorem non proident culpa dolore. Ad est aliqua deserunt labore eu nisi. Duis incididunt ipsum in laborum esse culpa et Lorem.', 'https://via.placeholder.com/400/', 'https://via.placeholder.com/400/?text=ICON', '2020-12-23 01:44:37'),
(245, 49, 37.715222, -122.416277, 'Aute adipisicing do aliqua ipsum mollit in ex nostrud dolore elit sit exercitation. Eiusmod et reprehenderit commodo cillum dolor eu consectetur ut anim anim. Ullamco tempor laboris reprehenderit deserunt sunt aliquip nostrud tempor incididunt laboris eiusmod minim adipisicing sint.', 'https://via.placeholder.com/400/', 'https://via.placeholder.com/400/?text=ICON', '2021-02-25 09:17:08'),
(246, 19, 37.763631, -122.478363, 'Proident labore proident sint laboris commodo culpa sint officia veniam dolor. Veniam voluptate ad occaecat culpa tempor aliquip consectetur excepteur occaecat exercitation consectetur. In eu ad do dolore aliqua labore ex voluptate sint Lorem occaecat.', 'https://via.placeholder.com/400/', 'https://via.placeholder.com/400/?text=ICON', '2021-06-27 09:52:30'),
(247, 3, 37.752882, -122.469582, 'Dolor laboris dolore in elit cillum sit ut labore occaecat excepteur irure tempor. Aliquip esse ut non officia. Aliqua reprehenderit anim elit cupidatat culpa aliquip magna laboris mollit deserunt incididunt sunt.', 'https://via.placeholder.com/400/', 'https://via.placeholder.com/400/?text=ICON', '2020-06-17 11:45:40'),
(248, 19, 37.761132, -122.433383, 'Nisi irure aute officia non Lorem. Sit consequat consectetur veniam qui. Mollit laborum commodo aliquip adipisicing do.', 'https://via.placeholder.com/400/', 'https://via.placeholder.com/400/?text=ICON', '2021-04-16 01:21:13'),
(249, 7, 37.748795, -122.450553, 'Incididunt exercitation deserunt cupidatat commodo irure dolore labore magna commodo veniam. Nulla amet ad magna ex ipsum anim ex incididunt culpa labore aliquip consectetur quis mollit. Esse irure et id eiusmod.', 'https://via.placeholder.com/400/', 'https://via.placeholder.com/400/?text=ICON', '2021-08-13 08:53:19'),
(250, 33, 37.747789, -122.493975, 'Velit sunt enim amet in amet. Esse nostrud ex laboris aliquip elit officia nulla ipsum id officia. Consectetur consequat nulla do esse et ipsum esse cupidatat ipsum.', 'https://via.placeholder.com/400/', 'https://via.placeholder.com/400/?text=ICON', '2020-06-10 08:40:29'),
(251, 51, 37.721376, -122.461475, 'Do eu eu voluptate anim ullamco cupidatat cillum veniam id excepteur nisi reprehenderit laborum ipsum. Id excepteur sunt anim eiusmod excepteur voluptate culpa. Exercitation irure amet ex ut tempor aliqua.', 'https://via.placeholder.com/400/', 'https://via.placeholder.com/400/?text=ICON', '2021-11-17 02:39:33');

-- --------------------------------------------------------

--
-- Table structure for table `track_users`
--

CREATE TABLE `track_users` (
  `id` int(13) NOT NULL,
  `name` varchar(3464) NOT NULL,
  `username` varchar(64) NOT NULL,
  `email` varchar(124) NOT NULL,
  `password` varchar(32) NOT NULL,
  `img` varchar(256) NOT NULL,
  `date_create` datetime NOT NULL
) ENGINE=InnoDB DEFAULT CHARSET=latin1;

--
-- Dumping data for table `track_users`
--

INSERT INTO `track_users` (`id`, `name`, `username`, `email`, `password`, `img`, `date_create`) VALUES
(1, 'Ballard Huber', 'user1', 'user1@gmail.com', '1a1dc91c907325c69271ddf0c944bc72', 'https://via.placeholder.com/400/731/fff/?text=user1', '2020-08-22 06:39:43'),
(2, 'Gordon Hinton', 'user2', 'user2@gmail.com', '1a1dc91c907325c69271ddf0c944bc72', 'https://via.placeholder.com/400/966/fff/?text=user2', '2021-02-24 04:14:01'),
(3, 'Bryan Conley', 'user3', 'user3@gmail.com', '1a1dc91c907325c69271ddf0c944bc72', 'https://via.placeholder.com/400/973/fff/?text=user3', '2020-05-19 01:38:17'),
(4, 'Dominique Wolf', 'user4', 'user4@gmail.com', '1a1dc91c907325c69271ddf0c944bc72', 'https://via.placeholder.com/400/721/fff/?text=user4', '2020-07-05 12:00:17'),
(5, 'Gallegos Thornton', 'user5', 'user5@gmail.com', '1a1dc91c907325c69271ddf0c944bc72', 'https://via.placeholder.com/400/856/fff/?text=user5', '2020-06-10 02:51:43'),
(6, 'Christine Willis', 'user6', 'user6@gmail.com', '1a1dc91c907325c69271ddf0c944bc72', 'https://via.placeholder.com/400/776/fff/?text=user6', '2020-03-20 09:19:23'),
(7, 'Chris Wood', 'user7', 'user7@gmail.com', '1a1dc91c907325c69271ddf0c944bc72', 'https://via.placeholder.com/400/845/fff/?text=user7', '2021-08-12 05:12:02'),
(8, 'King Smith', 'user8', 'user8@gmail.com', '1a1dc91c907325c69271ddf0c944bc72', 'https://via.placeholder.com/400/840/fff/?text=user8', '2020-11-26 09:36:23'),
(9, 'Williamson Riggs', 'user9', 'user9@gmail.com', '1a1dc91c907325c69271ddf0c944bc72', 'https://via.placeholder.com/400/851/fff/?text=user9', '2020-12-25 03:57:43'),
(10, 'Monique Moses', 'user10', 'user10@gmail.com', '1a1dc91c907325c69271ddf0c944bc72', 'https://via.placeholder.com/400/762/fff/?text=user10', '2021-10-13 03:53:42'),
(11, 'Evangeline Moss', 'user11', 'user11@gmail.com', '1a1dc91c907325c69271ddf0c944bc72', 'https://via.placeholder.com/400/762/fff/?text=user11', '2021-10-13 03:53:42');

-- --------------------------------------------------------

--
-- Table structure for table `track_venues`
--

CREATE TABLE `track_venues` (
  `id` int(13) NOT NULL,
  `user_id` int(13) NOT NULL,
  `name` varchar(64) NOT NULL,
  `type` varchar(64) NOT NULL,
  `genre` varchar(64) NOT NULL,
  `phone` varchar(32) NOT NULL,
  `description` text NOT NULL,
  `img` varchar(256) NOT NULL,
  `date_create` datetime NOT NULL
) ENGINE=InnoDB DEFAULT CHARSET=latin1;

--
-- Dumping data for table `track_venues`
--

INSERT INTO `track_venues` (`id`, `user_id`, `name`, `type`, `genre`, `phone`, `description`, `img`, `date_create`) VALUES
(1, 2, 'Quordate', 'outdoor', 'camp-out', '+1 (875) 543-3016', 'Laborum culpa labore laborum sint adipisicing adipisicing laboris officia quis consequat dolore. Dolor incididunt aute mollit ipsum velit. Ad tempor id Lorem consequat tempor excepteur. Laborum in quis ut sit ullamco culpa. Elit do reprehenderit excepteur officia ut quis consequat sint ad minim excepteur cupidatat velit.\r\n\n', 'https://via.placeholder.com/400/852/fff/?text=Quordate', '2020-01-11 05:41:04'),
(2, 9, 'Zeam', 'concert', 'alternative', '+1 (987) 407-3655', 'Eu aliquip cupidatat qui mollit. Cupidatat do occaecat est consectetur labore id aliquip amet tempor dolor nulla. Elit id duis quis est aute velit magna duis aute aute officia proident. Ex adipisicing deserunt exercitation eiusmod ex Lorem enim quis mollit ut dolor.\r\n\n', 'https://via.placeholder.com/400/824/fff/?text=Zeam', '2020-08-15 07:00:57'),
(3, 8, 'Printspan', 'outdoor', 'festival', '+1 (836) 511-2155', 'Do consequat minim proident deserunt nisi laboris ad proident do minim quis do occaecat labore. Deserunt ex aliqua cupidatat magna cillum nisi reprehenderit. Nisi duis excepteur non ex voluptate duis laboris pariatur. Do ex veniam occaecat ex dolore ex ad qui aute ipsum eu aute.\r\n\n', 'https://via.placeholder.com/400/824/fff/?text=Printspan', '2020-01-06 03:46:46'),
(4, 4, 'Opticon', 'outdoor', 'festival', '+1 (838) 528-2859', 'Tempor duis duis velit incididunt duis eiusmod adipisicing aliquip sunt ex. Enim amet exercitation in laboris dolore deserunt. Minim est labore esse id eu ut veniam elit ea adipisicing. Nisi cupidatat tempor excepteur culpa non cupidatat aliquip tempor est nisi minim. Est ea cupidatat nostrud in veniam id proident aliquip exercitation voluptate. Proident culpa ullamco esse laboris aliqua. Voluptate proident consequat labore minim officia.\r\n\n', 'https://via.placeholder.com/400/719/fff/?text=Opticon', '2020-05-31 07:25:45'),
(5, 1, 'Cinaster', 'club', 'edm', '+1 (880) 449-2935', 'Pariatur mollit consequat anim Lorem veniam quis ut tempor magna incididunt voluptate. Minim et aliqua minim fugiat mollit duis adipisicing velit anim minim. Incididunt ea eu amet excepteur ea incididunt nostrud Lorem proident excepteur enim occaecat commodo qui. Exercitation veniam nulla id et id ea aliqua consectetur laborum ea incididunt ipsum ex nisi. Incididunt minim eiusmod eiusmod dolore voluptate. Incididunt occaecat sint quis occaecat laboris anim sunt ea cupidatat nulla amet.\r\n\n', 'https://via.placeholder.com/400/714/fff/?text=Cinaster', '2021-06-17 12:00:13'),
(6, 1, 'Knowlysis', 'outdoor', 'camp-out', '+1 (811) 492-2174', 'Pariatur ipsum aute irure cupidatat exercitation ipsum ipsum adipisicing commodo magna ex excepteur. Incididunt enim cillum Lorem minim magna incididunt. Elit fugiat velit officia ea excepteur deserunt.\r\n\n', 'https://via.placeholder.com/400/891/fff/?text=Knowlysis', '2021-06-23 10:09:47'),
(7, 7, 'Entality', 'club', 'house', '+1 (926) 410-2354', 'Nostrud cupidatat deserunt ea magna deserunt deserunt ea enim qui ad sint. Deserunt anim laboris enim voluptate irure veniam eu ipsum. Ea enim sint cupidatat commodo Lorem ea tempor magna magna incididunt sint. Elit magna deserunt esse est. Nulla nostrud duis dolor aute commodo aliquip ullamco exercitation irure quis. Minim adipisicing nisi nulla tempor adipisicing consequat Lorem ullamco.\r\n\n', 'https://via.placeholder.com/400/734/fff/?text=Entality', '2021-11-06 08:15:40'),
(8, 9, 'Acium', 'outdoor', 'gathering', '+1 (818) 409-2910', 'Consectetur nulla dolor minim anim eu exercitation cupidatat aliquip. Non magna anim deserunt cupidatat. Tempor aliqua occaecat do quis officia fugiat ipsum sit elit. Eu reprehenderit non consectetur velit duis irure anim pariatur deserunt veniam.\r\n\n', 'https://via.placeholder.com/400/872/fff/?text=Acium', '2021-04-09 07:59:11'),
(9, 1, 'Lyria', 'outdoor', 'camp-out', '+1 (960) 433-3099', 'Ullamco laborum irure esse pariatur sunt. Laborum cillum proident exercitation officia consequat amet esse consequat ad eiusmod ut est. Minim sunt ipsum cupidatat nisi in est nulla consectetur ipsum aliquip reprehenderit anim adipisicing elit. Et sunt laboris proident occaecat enim ullamco nisi ipsum ipsum minim fugiat pariatur commodo pariatur. Ullamco duis ut eu ullamco irure anim id.\r\n\n', 'https://via.placeholder.com/400/732/fff/?text=Lyria', '2021-05-09 02:38:26'),
(10, 7, 'Pharmacon', 'concert', 'rock', '+1 (831) 413-2376', 'Pariatur quis voluptate id qui non deserunt fugiat ea. Adipisicing nulla sint consequat elit. Sint laboris deserunt in sint exercitation mollit dolore duis laborum. Non culpa minim enim tempor veniam enim incididunt incididunt. Adipisicing minim eu esse dolor duis incididunt proident ullamco do ut. Dolore nulla et et commodo aliqua cupidatat.\r\n\n', 'https://via.placeholder.com/400/946/fff/?text=Pharmacon', '2021-08-29 03:44:56'),
(11, 5, 'Snowpoke', 'outdoor', 'camp-out', '+1 (885) 442-2344', 'Ad anim esse cupidatat ex laborum veniam veniam consectetur officia nostrud ipsum. Adipisicing Lorem eu ea eu consectetur magna non id esse adipisicing. Mollit Lorem velit nisi enim elit non nostrud amet sit veniam ad sunt. Amet pariatur officia pariatur mollit et eiusmod laborum tempor excepteur aute cillum sunt.\r\n\n', 'https://via.placeholder.com/400/996/fff/?text=Snowpoke', '2021-05-03 03:35:15'),
(12, 10, 'Netbook', 'concert', 'rock', '+1 (899) 432-2570', 'Adipisicing mollit do tempor esse adipisicing occaecat culpa tempor. Elit eu excepteur eu veniam elit excepteur aute qui dolore consectetur est eiusmod dolor labore. Laborum adipisicing velit incididunt excepteur incididunt aliquip id ex minim sit dolore occaecat non. Nisi commodo occaecat nisi mollit esse commodo elit ut ut ea mollit commodo elit. Minim deserunt nisi non pariatur qui dolore amet velit laborum labore pariatur velit laborum. Aliqua excepteur commodo non irure ullamco fugiat excepteur commodo incididunt do Lorem labore.\r\n\n', 'https://via.placeholder.com/400/967/fff/?text=Netbook', '2021-06-13 03:55:19'),
(13, 8, 'Viagrand', 'concert', 'alternative', '+1 (964) 441-3036', 'Est Lorem ipsum consequat consequat ullamco sit. Amet excepteur occaecat in ullamco eiusmod. Est commodo ipsum sit consequat consectetur duis amet. Aute adipisicing velit ad cupidatat velit. Occaecat commodo magna Lorem esse amet consequat Lorem tempor eiusmod commodo velit. Esse consequat nulla voluptate nostrud ut mollit cupidatat velit proident laboris aliqua esse enim dolore. Veniam cillum aute pariatur mollit deserunt minim tempor enim.\r\n\n', 'https://via.placeholder.com/400/967/fff/?text=Viagrand', '2020-07-22 10:51:27'),
(14, 6, 'Pyrami', 'outdoor', 'gathering', '+1 (810) 419-3404', 'Nisi veniam officia pariatur anim consectetur consequat commodo sint consequat proident velit officia. Nulla elit pariatur amet in qui reprehenderit dolore ullamco commodo Lorem pariatur exercitation. Velit eu et esse sit enim enim ad ipsum in voluptate. Laborum ut voluptate excepteur amet in eiusmod consequat aliqua proident nulla. Officia laboris id enim laboris nostrud pariatur.\r\n\n', 'https://via.placeholder.com/400/948/fff/?text=Pyrami', '2021-06-05 12:38:05'),
(15, 7, 'Zentry', 'concert', 'rap', '+1 (964) 540-2948', 'Officia nisi consequat aliqua duis. Consectetur et aute nisi do esse qui exercitation nulla incididunt cupidatat excepteur pariatur. Consequat ea excepteur ex culpa excepteur.\r\n\n', 'https://via.placeholder.com/400/755/fff/?text=Zentry', '2021-06-19 03:35:38'),
(16, 5, 'Zaj', 'concert', 'alternative', '+1 (855) 560-3461', 'Enim id cillum ullamco sit aliquip reprehenderit nisi mollit ea veniam ullamco veniam. Consectetur enim magna ut anim officia nulla nulla quis. Ea in irure laboris duis esse sit proident aliqua. Anim et incididunt laboris elit velit aliquip aliquip enim est ipsum ad reprehenderit velit deserunt. In tempor do tempor excepteur. Elit tempor nulla deserunt consectetur do. Aute incididunt magna proident reprehenderit.\r\n\n', 'https://via.placeholder.com/400/918/fff/?text=Zaj', '2020-07-31 04:25:46'),
(17, 4, 'Organica', 'club', 'house', '+1 (807) 587-3250', 'Adipisicing non sint nulla sit commodo incididunt irure in commodo. Occaecat nostrud adipisicing nulla tempor irure deserunt consequat aliquip. Quis ut proident nostrud in sit incididunt quis. In duis consectetur elit duis qui mollit sunt excepteur tempor excepteur fugiat in ex. Est dolor Lorem deserunt et adipisicing.\r\n\n', 'https://via.placeholder.com/400/702/fff/?text=Organica', '2021-07-18 06:37:03'),
(18, 7, 'Zinca', 'club', 'techno', '+1 (990) 537-2669', 'Amet minim officia pariatur aliqua id deserunt aliqua ex. Aute occaecat ipsum Lorem consectetur minim cillum in occaecat et proident proident consectetur ipsum ea. Voluptate sit voluptate dolor esse tempor deserunt exercitation adipisicing proident cillum minim qui. Velit anim eu irure anim mollit aute aliquip adipisicing ex consectetur sit. Tempor nisi cillum sit ipsum velit aute laborum Lorem nulla.\r\n\n', 'https://via.placeholder.com/400/946/fff/?text=Zinca', '2020-08-17 11:20:29'),
(19, 1, 'Teraprene', 'outdoor', 'gathering', '+1 (874) 536-3667', 'Et quis nulla non et in labore fugiat aute ex consectetur elit qui fugiat voluptate. Dolor est exercitation quis voluptate esse elit. Occaecat qui dolore consectetur velit exercitation Lorem veniam et voluptate ullamco consectetur anim Lorem. Aliqua enim voluptate commodo est enim officia.\r\n\n', 'https://via.placeholder.com/400/864/fff/?text=Teraprene', '2021-03-25 01:25:00'),
(20, 9, 'Digigen', 'concert', 'rock', '+1 (896) 443-2038', 'Elit sint aliqua ex adipisicing Lorem deserunt commodo consectetur non consequat cillum amet. Nisi officia do reprehenderit adipisicing aliqua eu tempor occaecat. Officia cupidatat elit duis elit elit laborum magna eiusmod. Reprehenderit enim pariatur et occaecat amet eiusmod eu occaecat pariatur qui reprehenderit. Consectetur in nulla laborum ullamco in pariatur aute id laboris occaecat. Minim esse commodo consectetur dolor.\r\n\n', 'https://via.placeholder.com/400/720/fff/?text=Digigen', '2020-05-29 12:32:47'),
(21, 1, 'Strezzo', 'club', 'edm', '+1 (972) 558-3756', 'Nostrud laboris ullamco id nostrud culpa eiusmod adipisicing consequat irure. Minim officia reprehenderit occaecat qui duis deserunt ut irure ex nostrud in nostrud. Et nostrud dolore eiusmod aliquip velit aliquip. Esse id aliquip duis dolore sint est magna sit.\r\n\n', 'https://via.placeholder.com/400/780/fff/?text=Strezzo', '2020-10-05 10:05:08'),
(22, 2, 'Centuria', 'concert', 'alternative', '+1 (964) 408-3118', 'Occaecat do labore veniam culpa et magna commodo quis. Ullamco cupidatat ea proident incididunt voluptate. Proident velit et consequat aute dolor cupidatat dolore consequat proident minim laborum. Elit quis in mollit cupidatat. Cillum quis quis sunt sit amet ut in. Culpa proident qui consectetur cupidatat officia irure nostrud. Laboris velit sit deserunt esse.\r\n\n', 'https://via.placeholder.com/400/808/fff/?text=Centuria', '2021-09-29 07:22:52'),
(23, 7, 'Tropoli', 'club', 'edm', '+1 (975) 480-2288', 'Ad adipisicing sint Lorem ad aliqua cupidatat ea eiusmod. Excepteur ea anim consequat excepteur et irure fugiat. Ut amet nulla duis non minim ex fugiat adipisicing exercitation ut deserunt ipsum sint. Eiusmod anim in Lorem quis ad sint do ullamco sint cillum dolor eiusmod pariatur velit. Culpa et laborum sint est eiusmod mollit ad. Ullamco dolore cillum est magna excepteur.\r\n\n', 'https://via.placeholder.com/400/934/fff/?text=Tropoli', '2020-01-02 11:30:53'),
(24, 4, 'Quarmony', 'concert', 'alternative', '+1 (979) 584-2741', 'Veniam adipisicing eiusmod incididunt nostrud esse voluptate sunt reprehenderit anim cupidatat ad dolore occaecat mollit. Fugiat voluptate consequat eiusmod anim irure nostrud. Labore eu eiusmod fugiat sit nisi voluptate anim anim eiusmod.\r\n\n', 'https://via.placeholder.com/400/726/fff/?text=Quarmony', '2021-05-27 05:38:00'),
(25, 4, 'Stockpost', 'club', 'edm', '+1 (838) 457-3883', 'Incididunt aliqua reprehenderit et laborum anim. Ullamco irure ad aliqua dolor exercitation excepteur qui. Deserunt sint cupidatat dolore do dolor est nostrud magna.\r\n\n', 'https://via.placeholder.com/400/908/fff/?text=Stockpost', '2020-04-22 11:48:11'),
(26, 1, 'Aquacine', 'concert', 'alternative', '+1 (824) 429-3377', 'Officia aute sint nisi fugiat. Do labore aliquip est consectetur dolor consequat officia occaecat ut veniam duis quis cillum esse. Laborum sit aute esse do labore esse. Reprehenderit duis est cupidatat fugiat fugiat do eiusmod qui sint. Aliquip nisi non in enim cillum. Sint velit eu consectetur esse labore nulla enim sit consequat. Anim in sint et et nisi exercitation magna excepteur irure.\r\n\n', 'https://via.placeholder.com/400/843/fff/?text=Aquacine', '2020-07-10 02:32:12'),
(27, 6, 'Pyramis', 'club', 'techno', '+1 (973) 497-3632', 'Incididunt ea cupidatat eiusmod cillum aliqua culpa ex enim consequat eu ea. Veniam proident occaecat labore magna reprehenderit duis laboris eu. Nisi eiusmod pariatur do ea incididunt ad minim sunt minim mollit.\r\n\n', 'https://via.placeholder.com/400/812/fff/?text=Pyramis', '2021-02-21 10:53:29'),
(28, 7, 'Netplax', 'club', 'techno', '+1 (839) 511-2084', 'Incididunt ullamco cillum mollit dolore consectetur. Sint commodo nulla Lorem aliquip est velit nostrud dolor cillum dolore. Eiusmod aliqua aliqua magna incididunt.\r\n\n', 'https://via.placeholder.com/400/760/fff/?text=Netplax', '2020-08-17 12:24:17'),
(29, 7, 'Chorizon', 'concert', 'alternative', '+1 (844) 587-3471', 'Aliquip cillum quis enim Lorem pariatur incididunt minim ipsum ut anim. Dolore ea ad do Lorem qui dolor consectetur consectetur non do et duis. Aute nostrud culpa adipisicing elit excepteur ad laborum laboris cupidatat cillum adipisicing nisi. Ipsum do est elit qui sint fugiat reprehenderit.\r\n\n', 'https://via.placeholder.com/400/935/fff/?text=Chorizon', '2020-11-01 07:23:50'),
(30, 1, 'Candecor', 'outdoor', 'camp-out', '+1 (863) 509-3756', 'Culpa dolor officia consectetur sint pariatur. Id dolore esse officia deserunt ad eiusmod excepteur. Ut do anim minim enim voluptate eiusmod labore magna. Irure aliquip dolore anim sit duis est nostrud.\r\n\n', 'https://via.placeholder.com/400/776/fff/?text=Candecor', '2020-04-02 06:22:34'),
(31, 6, 'Callflex', 'club', 'house', '+1 (985) 502-3530', 'Commodo ipsum magna commodo est incididunt mollit adipisicing consequat laborum Lorem. Anim elit id exercitation irure tempor sunt. Nostrud fugiat quis ipsum esse. Commodo in non labore velit aliqua pariatur magna pariatur voluptate dolore. Commodo duis laboris est irure dolore proident enim in fugiat cillum consequat et.\r\n\n', 'https://via.placeholder.com/400/894/fff/?text=Callflex', '2021-03-27 08:48:17'),
(32, 7, 'Zerbina', 'outdoor', 'festival', '+1 (905) 507-3944', 'Veniam velit eiusmod nostrud minim duis anim anim culpa tempor amet ut. Amet cupidatat tempor ipsum labore reprehenderit reprehenderit excepteur ad quis elit id non veniam aliquip. Magna ullamco laborum in cillum officia excepteur magna. Consectetur elit nisi ipsum velit sunt. Pariatur in velit incididunt laboris ex reprehenderit qui consectetur laboris esse amet non nisi voluptate. Tempor nisi dolor ipsum excepteur sit.\r\n\n', 'https://via.placeholder.com/400/794/fff/?text=Zerbina', '2020-09-26 06:21:39'),
(33, 2, 'Synkgen', 'club', 'edm', '+1 (846) 538-2243', 'Esse consectetur in est voluptate non nostrud enim ullamco reprehenderit nisi aliqua anim sint ullamco. Exercitation ad consequat labore fugiat. Commodo duis sint pariatur mollit adipisicing nisi incididunt nostrud ad ex nulla. Enim incididunt pariatur tempor sunt dolore aliqua aute quis aute. Aliquip laboris nostrud proident aliquip dolore. Et officia anim sunt proident dolor Lorem do consequat consectetur commodo exercitation exercitation. Exercitation ipsum est non sit nisi cillum magna fugiat et adipisicing.\r\n\n', 'https://via.placeholder.com/400/976/fff/?text=Synkgen', '2020-06-11 05:09:26'),
(34, 8, 'Codact', 'outdoor', 'gathering', '+1 (964) 421-3869', 'Excepteur reprehenderit est adipisicing fugiat laborum quis. Fugiat ullamco fugiat magna eu consectetur magna cillum sunt amet. Lorem consequat quis qui ut ad ut ullamco Lorem magna. Minim ea ut do esse esse dolor anim ex commodo Lorem. Voluptate irure in consequat ullamco deserunt tempor ullamco dolore ex. Voluptate in irure reprehenderit sint adipisicing adipisicing cupidatat enim deserunt.\r\n\n', 'https://via.placeholder.com/400/872/fff/?text=Codact', '2021-03-31 12:02:37'),
(35, 2, 'Fortean', 'concert', 'rap', '+1 (803) 434-3527', 'Esse sit occaecat dolor est anim incididunt minim consequat laborum voluptate irure. Eu nulla reprehenderit reprehenderit dolor anim fugiat elit excepteur aliqua labore pariatur reprehenderit. Dolore adipisicing commodo duis amet cillum pariatur in nostrud ea veniam deserunt cillum sunt eu.\r\n\n', 'https://via.placeholder.com/400/961/fff/?text=Fortean', '2021-10-12 02:03:46'),
(36, 3, 'Xixan', 'outdoor', 'camp-out', '+1 (908) 400-3206', 'Occaecat ex laborum ut magna consectetur aliqua nostrud minim. Do qui ipsum adipisicing ut consectetur ex adipisicing et esse in commodo enim. Officia enim eu excepteur velit pariatur consectetur tempor. Laborum occaecat sint sit reprehenderit.\r\n\n', 'https://via.placeholder.com/400/837/fff/?text=Xixan', '2020-06-20 12:49:04'),
(37, 10, 'Qiao', 'outdoor', 'festival', '+1 (853) 512-3570', 'Deserunt aute esse irure magna adipisicing elit. Do id mollit ad velit excepteur quis. Labore ipsum ex dolore aliquip laboris incididunt ex cupidatat incididunt nisi esse voluptate magna. Tempor aute enim nostrud exercitation. Sint non irure incididunt aute pariatur.\r\n\n', 'https://via.placeholder.com/400/828/fff/?text=Qiao', '2020-07-08 05:14:49'),
(38, 4, 'Applidec', 'outdoor', 'camp-out', '+1 (976) 564-2911', 'Commodo anim cupidatat aliqua nulla exercitation exercitation labore nostrud ullamco tempor magna adipisicing elit. Qui veniam anim minim veniam aute ex adipisicing excepteur laborum sit ea. Dolore et velit elit est ullamco anim eiusmod nisi amet consequat quis ex tempor. Ullamco amet amet quis exercitation consectetur. Ad Lorem occaecat magna eiusmod aliquip laborum.\r\n\n', 'https://via.placeholder.com/400/977/fff/?text=Applidec', '2020-02-11 02:07:50'),
(39, 7, 'Nikuda', 'concert', 'rap', '+1 (843) 501-3953', 'Sint proident aliqua veniam velit pariatur. Nulla exercitation magna enim ad ea enim enim incididunt irure aliquip officia enim. Ut velit incididunt ullamco aliqua eu consectetur eu fugiat adipisicing velit adipisicing eu dolor labore. Do voluptate eu esse cupidatat id. Sunt id Lorem adipisicing excepteur. Incididunt sit labore exercitation enim consequat.\r\n\n', 'https://via.placeholder.com/400/970/fff/?text=Nikuda', '2020-07-21 04:22:50'),
(40, 3, 'Isosure', 'club', 'house', '+1 (967) 567-2799', 'Excepteur officia Lorem consequat quis sit velit eu ea mollit consectetur elit. Deserunt ullamco ex esse aliqua amet mollit occaecat dolor pariatur velit mollit. Nostrud enim ex ex magna eiusmod non nulla sunt nostrud officia aliquip sit. Velit ut proident eiusmod non. Dolore laboris cillum aliquip reprehenderit voluptate labore reprehenderit do commodo velit exercitation in proident ullamco. Nisi dolore aliqua quis ad.\r\n\n', 'https://via.placeholder.com/400/827/fff/?text=Isosure', '2021-04-24 03:42:56'),
(41, 5, 'Olympix', 'club', 'techno', '+1 (938) 556-3116', 'Magna excepteur dolore velit occaecat. Cupidatat id eu reprehenderit ut tempor laborum laborum. Qui excepteur in culpa mollit eu consectetur cillum elit enim. Labore tempor nostrud mollit adipisicing occaecat nostrud voluptate eiusmod occaecat voluptate ut. Nisi tempor et velit pariatur. Reprehenderit id amet aliqua ipsum exercitation dolor aliquip culpa nostrud. Veniam aute laboris tempor aute qui eu id ipsum.\r\n\n', 'https://via.placeholder.com/400/870/fff/?text=Olympix', '2021-01-04 08:18:36'),
(42, 10, 'Skyplex', 'concert', 'rock', '+1 (831) 477-3011', 'Deserunt exercitation adipisicing laborum nulla velit dolor non duis ea non qui quis incididunt. Irure reprehenderit tempor reprehenderit minim magna exercitation excepteur labore anim duis non. In occaecat eu nulla consectetur commodo irure sunt id incididunt nulla magna.\r\n\n', 'https://via.placeholder.com/400/896/fff/?text=Skyplex', '2020-01-06 01:27:02'),
(43, 9, 'Extragen', 'club', 'edm', '+1 (969) 477-3721', 'Amet qui reprehenderit cillum qui. Consequat ea nulla ipsum commodo veniam ea ad velit esse et et mollit occaecat. Labore cillum nostrud ut sint. Est aliquip Lorem sunt consequat eiusmod ad Lorem enim. Et incididunt qui esse anim laboris est. Adipisicing duis cupidatat laborum in nisi officia.\r\n\n', 'https://via.placeholder.com/400/827/fff/?text=Extragen', '2020-11-21 05:32:36'),
(44, 8, 'Navir', 'outdoor', 'festival', '+1 (850) 421-2298', 'Cillum duis commodo quis labore reprehenderit cupidatat incididunt culpa. Adipisicing do et esse aute eu nisi exercitation. Cupidatat dolore sunt enim reprehenderit officia deserunt proident culpa reprehenderit ullamco eiusmod duis enim. Sit labore ex est et ea cillum deserunt aliquip veniam enim in duis dolore officia. Culpa occaecat minim minim commodo ut dolor velit. Ea sit culpa enim excepteur dolore elit non dolore excepteur laborum occaecat eu dolore ipsum.\r\n\n', 'https://via.placeholder.com/400/969/fff/?text=Navir', '2021-05-06 07:08:20'),
(45, 6, 'Furnafix', 'concert', 'rock', '+1 (954) 529-2851', 'Dolor cupidatat id fugiat ullamco amet elit eu nulla sit sit veniam. Incididunt Lorem cupidatat laborum qui. Ut cupidatat adipisicing excepteur mollit esse minim occaecat cupidatat voluptate. Mollit minim aliqua occaecat amet quis Lorem officia nisi do est. Eu laborum qui magna mollit consequat reprehenderit. Aute pariatur sunt nisi minim laboris irure consequat proident amet cupidatat pariatur enim ad. Ut pariatur mollit ullamco elit laboris.\r\n\n', 'https://via.placeholder.com/400/749/fff/?text=Furnafix', '2021-04-18 08:26:13'),
(46, 7, 'Tribalog', 'concert', 'rock', '+1 (939) 560-3286', 'Ut duis laboris veniam in eu. Pariatur commodo Lorem aliquip ad excepteur quis voluptate mollit id ut. Anim et ut non magna consectetur ut magna aliquip officia tempor consectetur. Non officia voluptate proident aute fugiat tempor commodo. Et esse et velit dolor culpa in enim amet. Esse aliquip minim aliquip adipisicing enim sunt pariatur exercitation velit cupidatat. Ad tempor amet id cupidatat excepteur ut tempor velit esse enim amet ea.\r\n\n', 'https://via.placeholder.com/400/702/fff/?text=Tribalog', '2021-09-07 01:17:09'),
(47, 7, 'Protodyne', 'outdoor', 'festival', '+1 (884) 597-3575', 'Dolor excepteur irure occaecat anim tempor ea irure elit. Ipsum culpa magna sit qui mollit nostrud. Exercitation excepteur veniam magna tempor consequat et. Ipsum cupidatat reprehenderit in dolor id.\r\n\n', 'https://via.placeholder.com/400/915/fff/?text=Protodyne', '2020-01-25 12:41:25'),
(48, 1, 'Tetratrex', 'outdoor', 'festival', '+1 (869) 464-3252', 'Commodo exercitation velit officia pariatur magna culpa. Aliquip nulla voluptate est laborum reprehenderit veniam. Tempor consectetur aute tempor excepteur aliquip est irure velit eu. Labore proident exercitation minim aliquip cillum sunt minim in ad irure enim officia cupidatat. Adipisicing consectetur officia cupidatat minim cillum pariatur proident deserunt cillum anim nostrud in sint. Eiusmod magna dolore reprehenderit sunt nulla.\r\n\n', 'https://via.placeholder.com/400/726/fff/?text=Tetratrex', '2020-06-29 03:35:15'),
(49, 7, 'Snips', 'outdoor', 'festival', '+1 (891) 495-2186', 'Fugiat cupidatat deserunt officia officia magna incididunt dolore laborum eu. Pariatur ut Lorem minim minim sint ut quis ea ipsum ea ex magna velit. Culpa laborum excepteur consectetur tempor. Amet dolor culpa eu qui officia culpa eu velit in aliquip veniam in.\r\n\n', 'https://via.placeholder.com/400/701/fff/?text=Snips', '2020-02-04 08:05:44'),
(50, 10, 'Dognosis', 'concert', 'alternative', '+1 (837) 585-3128', 'Velit qui nostrud laboris excepteur ipsum nisi voluptate ex pariatur. Eiusmod incididunt elit ex ut qui consequat. Est laborum ut cupidatat ut. Commodo tempor eiusmod do et tempor ullamco adipisicing amet eu aute consequat ut. Deserunt ea voluptate ut mollit ullamco officia eu fugiat magna et elit quis. Deserunt laboris enim nisi tempor tempor irure aliquip commodo.\r\n\n', 'https://via.placeholder.com/400/756/fff/?text=Dognosis', '2020-10-20 05:01:54'),
(51, 11, 'Afterlife', 'club', 'techno', '+1 (990) 537-2679', 'Welcome to the Afterlife...\r\n', 'https://via.placeholder.com/400/946/fff/?text=Afterlife', '2021-12-01 21:38:25'),
(52, 11, 'Nikuda', 'club', 'house', '+1 (990) 537-2679', 'Searching for mean in Nikuda...\r\n', 'https://via.placeholder.com/400/946/fff/?text=Nikuda', '2021-12-01 21:38:13');

--
-- Indexes for dumped tables
--

--
-- Indexes for table `products`
--
ALTER TABLE `products`
  ADD PRIMARY KEY (`id`);

--
-- Indexes for table `track_locations`
--
ALTER TABLE `track_locations`
  ADD PRIMARY KEY (`id`);

--
-- Indexes for table `track_users`
--
ALTER TABLE `track_users`
  ADD PRIMARY KEY (`id`);

--
-- Indexes for table `track_venues`
--
ALTER TABLE `track_venues`
  ADD PRIMARY KEY (`id`);

--
-- AUTO_INCREMENT for dumped tables
--

--
-- AUTO_INCREMENT for table `products`
--
ALTER TABLE `products`
  MODIFY `id` int(11) NOT NULL AUTO_INCREMENT, AUTO_INCREMENT=27;

--
-- AUTO_INCREMENT for table `track_locations`
--
ALTER TABLE `track_locations`
  MODIFY `id` int(13) NOT NULL AUTO_INCREMENT, AUTO_INCREMENT=252;

--
-- AUTO_INCREMENT for table `track_users`
--
ALTER TABLE `track_users`
  MODIFY `id` int(13) NOT NULL AUTO_INCREMENT, AUTO_INCREMENT=12;

--
-- AUTO_INCREMENT for table `track_venues`
--
ALTER TABLE `track_venues`
  MODIFY `id` int(13) NOT NULL AUTO_INCREMENT, AUTO_INCREMENT=53;
COMMIT;

/*!40101 SET CHARACTER_SET_CLIENT=@OLD_CHARACTER_SET_CLIENT */;
/*!40101 SET CHARACTER_SET_RESULTS=@OLD_CHARACTER_SET_RESULTS */;
/*!40101 SET COLLATION_CONNECTION=@OLD_COLLATION_CONNECTION */;
